   8.5923088848979070     
   7.0910736786124984     
   1.4474318326902957     
   3.0037490988022157     
   2.6035115676530993     
   6.0989295750415495     
   9.8512790121938369     
   4.0642597906521312     
   3.9633764591890546     
   1.1831163026220124     
   10.551749880773674     
  0.98073520609000031     
   3.0780956655331382     
   2.5271884046848196     
   2.0957344585812958     
   3.6795672617848645     
   4.9950142356949208     
   5.8604920474580817     
   1.5414914953787635     
   10.444854082890883     
   4.2849953270774339     
   6.9010688814860313     
   2.1361231108440073     
   1.7877585737377746     
   1.3990931752522855     
   2.6315637171805908     
   2.9010367033435718     
   2.3276933146267362     
   3.2974559554605287     
   4.5932667091642108     
   2.5133378207666954     
   4.7820277411800420     
   1.3397234231467530     
   2.6332149461201326     
   3.1631451409621039     
   2.0442070888028181     
   1.5626811276128840     
   2.3807547980955368     
   10.451026375200886     
   2.3799904905733311     
   1.9725221072804953     
   11.094175595031750     
   6.9106149389278713     
   7.1916274600374077     
   8.2012943398508895     
   2.0429277090369071     
   3.5054129858534582     
   3.3197235341099747     
   8.8261002182324919     
   5.0566458257165072     
   13.090426183241711     
   9.4760872093461117     
   6.5464293130147340     
   2.0480772975857500     
   1.9272524569659892     
   10.488841133647561     
   1.4032790470148795     
   6.8088101857051440     
   5.8324593705529182     
   1.7584853235494800     
   10.044015763976150     
   11.925513218533641     
   1.4986074932695468     
   6.5432469821196912     
   7.0424282380696788     
   9.0305458770902920     
   14.422319868174842     
   1.4238197723179062     
   1.8029046346207789     
   1.6309697933507692     
   6.9811587200700735     
   4.4646830977050307     
   2.1509486684422772     
   5.5294544270213564     
   12.996696008772339     
   1.9096794635670360     
   1.8253208147871542     
   10.178847186135318     
   3.1165743323785993     
   3.2481133045525215     
   7.7371752414841355     
   1.7290023850439717     
   5.5728191227920743     
   6.2553669462995254     
   2.1760007092871421     
  0.87566439757303471     
   2.1869967896747897     
   8.0727215641570726     
   1.5889546125867700     
   2.8528163142965992     
   1.5304543208514236     
   4.8787688342339681     
   14.954648494176391     
   3.2489885708529544     
   8.5594687908583840     
   4.7729938676104089     
   1.9666972518814809     
   5.6564558468038850     
   2.5562316507778857     
   5.7407909876178014     
   2.6458720180211546     
   2.0897878170855746     
   5.9201999839566088     
   6.6340570641859919     
   2.4507149249769240     
   6.4123020594651150     
   1.8107320032717675     
   3.3532801030399595     
   6.8677224716238552     
   5.4283371344519971     
   2.1012582968775502     
   4.0647326809239068     
   1.7880816120491649     
   3.2709495122790013     
   3.1834353174921017     
   3.0453251054998107     
   6.1894950955941983     
   4.1302281531087113     
   2.5482730695245981     
   20.000000000000000     
   8.1275656405334722     
   6.3136006440369616     
   5.6704483437129261     
   1.8652883590530942     
   9.9748096113583866     
   9.8527683212782229     
   5.0468242466249862     
   1.9972196759453609     
   4.7374100078927990     
   1.6298667006361087     
   8.4583274431880007     
   5.1202440559857294     
   6.6501642533045064     
   2.9216411377154361     
   3.2242688217220512     
   1.4598769701544299     
   1.4985298142383874     
   1.8588543980449030     
   3.3960907407459451     
   5.8231021455240368     
   11.208658032948785     
   2.7444045413797915     
   3.4942586365450232     
   2.1153860796153721     
   5.2314516234934532     
   11.108809646734436     
   2.4979214083759742     
   4.4620395855204569     
   3.7026727467074343     
   4.0154246572650738     
   13.102514049396341     
   3.7102627842611722     
   1.2439602899558964     
   1.8436605011217280     
   7.9713736956534547     
   2.3172046134887725     
   1.9301013806440730     
   10.410915394201378     
   1.1602032358851808     
   2.7565264013132613     
   4.0932806132742243     
   2.1078748233612052     
   12.043722008857396     
   9.8556760151267042     
   2.9336873417172935     
   9.8460472916073414     
   3.1166058953888500     
   3.8544447647224231     
   6.6956572440541873     
   8.8057222159373900     
   11.113951842373870     
   2.3810406977908820     
   11.357836363356940     
   1.9181145309321888     
   7.9586854993151164     
   6.9219416064063024     
   2.5065716443703656     
   12.795129691314420     
   2.1628802570475840     
   1.7550261341709401     
   1.2647266126052650     
  0.93291231326658308     
   1.2300822159141476     
   3.4496446462970880     
   10.231033479141281     
   8.1680880373986344     
   2.5279236239608203     
   12.153870991416410     
   2.4073038645980995     
   1.4680845612461353     
   8.5341623617505977     
   1.3462427489931219     
   2.0475160725611947     
   5.1952923097151107     
   10.184639700080808     
   1.4160354876386130     
   3.1412958781360034     
   3.0509675695497527     
   2.6921804458986993     
   1.2539582722066789     
   3.0047168511803446     
   4.5773424729579935     
   3.6151841837473557     
   1.3486196449798848     
   9.0570733659169971     
   5.9257334889282127     
   5.8917310145015476     
   7.8166080673246583     
   3.4572714636278188     
   5.1437401062974990     
   13.678633549806033     
   1.6088878230972434     
   2.2684017108152053     
   2.1712654604499630     
   4.4360190351225439     
   1.8439119808891209     
   3.6894501765767478     
   8.1310032339577951     
   14.151545009353976     
   4.6686862519449264     
   3.4167811264001786     
   8.2525062074898656     
   6.5580745706764727     
  0.96904813882455554     
   1.7836507858821722     
   2.9292890009245154     
   6.1878305289963889     
   1.7066228797460130     
   1.6563895959310635     
   2.6672951630852100     
   1.2577149723263095     
   5.1960121676306699     
   6.3492959170915846     
   2.7391097647923832     
   2.7455227052411013     
   8.3055133071765557     
   1.6377056326398738     
   3.0088940370107431     
   2.6128785700419823     
   1.2141074190327534     
   1.4912135981768608     
   2.6508055375541937     
   3.8045304720248971     
   5.3185189777407578     
   2.3485906607998768     
   8.2561961633141543     
   6.4924871929677943     
   1.4340898874982768     
   1.8308408329861159     
   8.4570817604051989     
   8.8333254844102385     
   2.7735596676504231     
   3.3132484124729333     
   1.7748328011125329     
   6.9059215823673652     
   7.6479466294070173     
   14.805795499398435     
   1.9702656334942537     
   5.2952462581069399     
   1.1627578915009189     
   4.7454932745667895     
   1.3481867252012996     
   5.5540334928134376     
   4.0043929883706220     
   2.3357206034395537     
   4.5650163429605675     
   2.1781520805342942     
   1.0802768208467064     
   4.4047035150909437     
   2.1600343089898364     
   5.3270650730605773     
   1.8965864840128026     
   7.5385619965990696     
   6.4860648844021478     
   8.9667921075503951     
   1.3180392013087046     
   11.299858990450215     
   1.7119779627132490     
   9.9370354350924082     
   5.0374328090596583     
   1.8906673366743325     
   2.0252295491797567     
   10.921581207514103     
   1.2448732550329207     
   2.0389305993659685     
   3.4880957753978823     
   4.7592776186128436     
   7.8881129703912682     
   9.2391191405188220     
   11.058656071260780     
   2.9681467387950908     
   5.6239134729233156     
   1.3503906101753673     
   11.382280459713138     
   1.7626603734615671     
   1.8192646562981931     
   13.583346480705833     
   10.637769747631223     
   4.8002713734705926     
   3.1312494638351547     
   6.3647265195882170     
   7.1841882629591067     
   4.8789587496657782     
   1.1982961606257101     
   8.2690807203195789     
   4.1544224021692839     
   1.2442223280756890     
   3.5649805155875076     
   14.366671538197968     
  0.90651569901199824     
   2.3245091331201384     
   2.8852570490569258     
   5.6414797599830671     
   5.8927858336156653     
   6.3986673796175282     
   9.7426436608655305     
   3.6418697566130249     
   1.8078077883879122     
   3.2444930276168731     
   3.9061510255270173     
   5.0548593093823824     
   10.519049381037354     
   3.7368606568481377     
   2.0753490137549924     
   4.3898725509096606     
   2.5519355839852644     
   2.0217452395080464     
   1.6945332924610650     
   5.5764798250566558     
   8.4981202615946625     
   6.0249280708121464     
   1.4221012916593072     
   7.5473896214522673     
   5.9098462112860588     
   5.4529058181639405     
   1.3281729974078262     
   2.1149363757010993     
   3.8929710014292329     
   6.4743815003275049     
   4.1510494303273830     
   5.9618911045670462     
   4.2025989618342585     
   1.9100429353730572     
   3.5310770106637217     
   2.5449763075915017     
   7.3774316332225673     
   2.3266265903374794     
   15.947931260227280     
   8.9677228691735529     
   3.4880366805951089     
   5.8056867527949692     
   1.7688223002781494     
   3.5228895714432995     
   3.9220798439310216     
   9.0525086464296312     
   1.2995901192563284     
   1.4569908040286057     
   8.7528046764879122     
   2.3889065482810987     
   2.5067735658258838     
   7.4250628752724728     
   1.4419753586983273     
   2.3913321713341849     
   5.3004576018240730     
   4.7921054539592198     
   2.1958195058429202     
   1.7838798927128066     
   4.2767297934395625     
   5.4813406724159401     
   3.6760007396448802     
   7.8400163380120835     
   2.8025143001074331     
   10.434728937782772     
   4.7915205709044333     
   1.1681392147403922     
   5.1218064347134504     
   1.4445596588972731     
   8.5179931433714344     
   3.8860789999839231     
   12.694870961595580     
   1.2171139301413698     
   3.6069430187887890     
   4.5194362973436251     
   4.8777345546939177     
   6.8278918551427950     
   1.5490800816597856     
   4.0060158248648268     
   10.192536907855729     
   1.8958831268373308     
   8.6780058502464037     
   3.3822545486756890     
   2.4728238205764295     
   4.3766128095073755     
   1.9596210551937063     
   6.5847248747903020     
   1.6045634489062024     
   9.5288217024888038     
   3.4066874816142776     
   6.7682993802860656     
   3.9976184192143172     
   5.5501515953735430     
   9.4436076186460554     
   1.4563621165450040     
   2.8552326855158925     
   2.1324281528515665     
   10.551231670400814     
   2.2290378806513189     
   4.6826542801164868     
   18.472556799074425     
   5.4394749741187320     
   2.8480846839617220     
   4.9307537328353135     
   10.794223082080077     
   3.1566198916935502     
   4.9498482808312962     
   2.1245065665866534     
   5.5422727941478040     
   2.6819410426589436     
   3.9441465639748507     
   7.3720191790977925     
   1.8980159476749827     
   8.2404131205375553     
   11.023928576125961     
   5.9939499855672107     
   5.7707833894688232     
   2.0495022004733787     
   3.8956880199576469     
   2.1572545819507174     
   14.841324460478724     
   3.3312482221187638     
   2.9372337419726282     
   3.9157964897740647     
   2.2170722212451883     
   2.4628223784292249     
   20.000000000000000     
   2.5505904026860158     
   2.7878618593136508     
   4.8027006451140899     
   5.3824695226175470     
   4.9737749802289137     
   4.8027409721204855     
   9.3520971534626209     
   2.8052154591200029     
   13.342937374469305     
   1.4962646656835608     
   8.5853436444350315     
   4.0869861110783221     
   11.524027757452238     
   2.1254199969629015     
   1.9418428802279288     
   6.5424080488891390     
   4.2455310994518873     
   5.8778044917400978     
   1.9609772331141864     
   6.4999323497231734     
   7.4916309274184485     
   3.3264842787058884     
   9.7215794385577272     
   3.4154727123363982     
   4.9399453165288927     
   6.7900024219274737     
   12.324595271683158     
   5.6491410647680418     
   3.0207569243257253     
   10.821279684717737     
   9.6189392399642930     
   2.1971714643248270     
   3.0720342501700362     
  0.74050806268511171     
   3.9087269853870095     
   4.6077547117222943     
   2.5866464324979734     
   2.3382474308333641     
   4.5162141144434447     
   2.0082447105598500     
   2.1857631391095205     
   1.2996766496958767     
   2.9890855044435947     
   1.8782710525184434     
   6.9366754860629332     
   3.2377313993673371     
   9.6232197977186988     
   4.6569965311616732     
   1.9497811347632970     
   12.938764839335727     
   7.7147906886919237     
   2.1760243747769676     
   9.9274573695024593     
   4.8039348113507581     
   2.0185031418488655     
   6.0070370511189752     
   3.8864968991552664     
   4.3813729265549837     
   1.0254202351394648     
   7.5034401430560536     
   2.0075456448240372     
   2.7580469197246456     
   3.3395482211823699     
  0.88633043867552774     
   2.6230380656212628     
   2.3975382844784519     
   5.8280882417562356     
   3.1339083633750078     
   4.1901654297226036     
   9.9401436476452076     
   8.1429761316581022     
   5.9756286865506416     
   9.6167967566671280     
   12.326474844238275     
   5.2572288814682917     
   4.2892822694002248     
   2.4503389815250216     
   8.1740183214007569     
   3.1109103677386285     
   5.8407877012255955     
   3.0285175928432135     
   5.7759473531648080     
   2.2845283270914480     
   3.6602772030740440     
   1.4437254545384488     
   13.809962283857432     
   2.9220990685609913     
   1.8274275249773604     
   1.3468496871643891     
   3.6246783328183381     
   4.8872605623193666     
   1.7676697406782123     
   8.1470547486721170     
   4.3205206447862725     
   2.7030904477478694     
   7.5682024567753805     
   2.3004670478709750     
   9.6176702926440942     
   4.5127149128742614     
   1.7091694824953612     
   8.5240703940212761     
   7.3085416360440467     
   3.9143185718396887     
   3.2479465987679537     
   2.4429216092614414     
   6.5784766342123966     
   3.2429417277297050     
   4.1131353763078007     
   8.5782512715139934     
   7.4263206813929843     
   9.2091210114503834     
   6.6149901227910988     
   3.4223459769345963     
   9.3356837958496381     
   1.2091068660491717     
   3.3146886885400613     
   6.5413078189166756     
   3.0826637136949175     
   8.5050870956669087     
   1.8326528300773459     
   4.3206353425586785     
   7.9224496722655164     
   7.4025645082905847     
   5.2547242562452423     
   3.1516542483283021     
   2.5129576183832687     
   6.4441874109317947     
   1.5864451307740413     
   7.5430907318439058     
   4.5495210662208700     
   2.1505437010466482     
   1.7315628438346868     
   1.7091396056772956     
   3.5080244316415627     
   5.9260690650278205     
   5.5132470935800599     
   6.7471849476608137     
   8.9823481476489135     
   3.1517105391385507     
   3.5150214353231690     
   5.6331598694299032     
   4.0332817023316956     
   1.4853619065766022     
   5.5429109529952667     
   10.695041005504944     
   1.9517461572702501     
   1.8145116084169204     
   2.7279113406908095     
   4.0577233252456413     
   7.1335283485615815     
   2.7709262781531039     
   1.7942490190915394     
   5.2861418962302302     
   2.0391663395374402     
   1.7895824627791665     
   1.0434893328845301     
   8.4407763126815833     
   4.8767069949070301     
   2.3529620504113766     
  0.93611483406980278     
   1.8427247075559758     
   6.0018969044492660     
   2.1533647244175360     
   2.9339765485000551     
   1.7066296023323404     
   2.9650811448100356     
   1.6031844662183188     
   2.0361970169942829     
   5.1078987406995822     
   12.514809732563853     
   5.7728566364407623     
   13.353120648731595     
   6.3009561381991119     
   2.3519303832959455     
   1.3522638327085312     
   3.8125328645889236     
   2.5688917551563817     
   5.3159267451143366     
   3.8619760721271081     
   3.0449513788927249     
   3.4797343554915137     
   4.0685660332969196     
   8.2959749220994521     
   10.444839095034263     
   5.5047884229638671     
   2.6978528524289289     
   1.6801648491731755     
   2.8398602855390402     
   6.8814348985212277     
   4.0287880698119372     
   17.494804758810140     
   1.5377557189681481     
   3.8368240520475920     
   5.3793775041698044     
   1.6122510370542948     
   7.2762186707669345     
   1.4601593637079631     
   2.0431485359565067     
   2.1521642227570035     
   5.1104998070022898     
   4.7668510482513105     
   5.9048444604097350     
   3.6574882161632196     
   2.6352661316994590     
   5.3116427933382218     
   1.7432622925509695     
   19.805816802695574     
   9.2165215835360730     
   4.9629273611378464     
   1.5301132959571575     
   4.9613301853361023     
   2.5554228339490064     
   7.2759504195688773     
   4.3642950079070619     
   7.1035085028198042     
   5.5145708205355648     
   7.4446232484594281     
   7.1518504312633189     
   9.7040323300657878     
   11.460780026322617     
   4.6906850227149128     
   11.993541458500138     
   3.8504384364093758     
   10.591604985651792     
   4.4517288805390383     
   10.523992244075060     
   1.3438652090162646     
   3.0136433371810605     
   8.1732446051700354     
   1.8461469413708891     
   4.8801419853484340     
   13.169342764113082     
   5.3148147691962313     
   2.7417976308384695     
   4.0280048765033962     
   4.3286790286579890     
   2.3673713691090681     
   5.0017008564098235     
   3.4419160427586784     
   10.333554054262690     
   1.6154573014242939     
   1.7308497171599226     
   1.8678309360675613     
   1.2591505203862272     
   1.7287971455593065     
   8.7016584582413667     
   2.4146673476897207     
   2.3116710637101301     
   5.6958406328721525     
   1.4692729584632154     
   6.9131696964854150     
   1.5055798987059759     
   6.0971730599608884     
   10.482974349318404     
   2.7545112464200305     
   3.0565944757384869     
   1.9958970927483615     
   2.2560573656356775     
   12.463045540471601     
   4.0086281704666158     
   15.942317957612847     
   8.2331875742663332     
   9.4834637330570963     
   12.191775012979981     
   1.6103915510692426     
   11.842994232210977     
   2.5811980796432166     
   2.8298023365102196     
   3.2540836523046943     
   2.1420025773995142     
   1.8032906169667664     
   5.8074680686500662     
   4.8364421191331708     
   8.6488703268125864     
   4.9450760563074754     
   9.2568344460365903     
   1.8866411772586145     
  0.98694738101297419     
   4.7091851241923495     
   3.2145582191458724     
   2.1433153018326321     
   3.0482202748674099     
   1.3102473989190999     
   3.1817267781376670     
   4.3556727069739072     
   3.6014906795268256     
   1.1776751236778515     
   5.8146618536274826     
   1.5641948438812869     
   12.294394163031605     
   8.8522957228829515     
   3.6719150143904900     
   11.376859989722455     
   11.512190087649570     
   5.8630556568899452     
   4.9012261831259138     
   2.4839864056956107     
   7.4162095596039235     
   14.274063808473624     
   1.4125217864314743     
   2.2926728994991925     
   2.4181783690752012     
   2.1303466289963224     
   9.2438861711592093     
   7.4375151680153957     
   1.2531539832847758     
   10.069777027009033     
   3.3387451275972015     
   12.639058453642846     
   3.2215537564359327     
   2.9994336721399111     
   1.4726414625636790     
   2.5140621512472148     
   9.2781342512563949     
   8.6572783405264548     
   8.2725924140474252     
   2.7647768374798312     
   1.4788393695507960     
   9.2935860685858511     
   5.3175359448825228     
   4.4942676892122337     
   12.411030638487041     
   3.3056744970250440     
   1.7634763426400442     
   1.2539347946506971     
   1.1091478614877734     
   1.3078635151435711     
   11.128340309031360     
   5.8492386301974406     
   5.4722901052539079     
   3.3258898787511617     
   4.6181673482218795     
   3.8894916315937005     
   1.0758664498038166     
   3.2857537036726030     
   2.9181487753915194     
   3.3751462456115977     
   7.1233229679601564     
   3.9817048232373358     
   2.4748139448150708     
   7.8174300139385435     
   6.9690676132135572     
   5.0018088636450262     
   3.5568979043631113     
   8.6615859285110393     
   2.4138443175192448     
   2.9707819798974522     
   1.8280384112198991     
   7.4404587174025920     
   3.2944020412364363     
   3.4083891544531020     
   4.4353400554762237     
   3.3283186016314108     
   6.0739197660959716     
   1.6570882809642251     
   3.1746362863596600     
   1.6555613628873753     
   6.8852426071875916     
   2.2295366058585802     
   8.1465463308836590     
   5.8225831278650526     
   1.8284978428675218     
   2.4440075580593752     
   3.7243500665055183     
   2.6663018605902953     
   10.405991958560005     
  0.96874434339383453     
   8.8986796324256083     
   8.1101813277067869     
   1.6405557725530864     
   1.7423986165338876     
   2.3100081291560937     
   10.128146518475249     
   5.7356827415368610     
   7.7538133399452098     
   4.3112756906720593     
   7.6441999029286336     
   5.8797341092635662     
   3.0143001912871070     
   1.1924737620146511     
   2.5810101054199905     
   1.5694018348002083     
   3.7747334394793239     
   2.2093387339076149     
   4.1938953259977305     
   2.1616077934771964     
   12.478378118518695     
   9.7195372660366672     
   1.4500058725879468     
   1.8261669186391383     
   7.1629969673797449     
   9.8890179465728423     
   1.5102991730219779     
   3.2331533955818612     
   5.4420476676300726     
   5.3253134960587074     
   4.0850287313873883     
   7.7522838491919099     
   7.1215234698885155     
   3.6331793198241336     
   6.7308955011582468     
   4.4131248449310592     
   6.2457502910127207     
   2.4039353925719467     
   11.938109577543196     
   9.8475310726163539     
   3.1143639754164667     
   2.4508634985759286     
   3.2360826285785813     
   1.5812841905013579     
   2.4059738305298448     
   2.5546640463628183     
   1.7861041417732035     
   11.947976694404982     
   3.1467601304202062     
   5.9050708340063336     
   10.772553758819690     
   4.5437357151217874     
   1.4442569718748646     
   3.8624298825199905     
   7.7772437154076375     
   5.9497842236207337     
   2.0056644882615040     
   1.4499091442778429     
   4.5323991188950714     
   5.7725291767415561     
   4.0683034232395539     
   2.1032037345404402     
   1.8967274865479160     
   1.4483938598250823     
   7.8649684393085622     
   4.3626379226098635     
   1.9106811303255691     
   3.5581444505066875     
   3.2581240823453403     
   11.188564123891357     
   2.8461160445304436     
   1.9188712513964756     
   4.0461746571939949     
   2.5065474626000923     
   17.359707073460047     
   4.1091632927427550     
   7.4881229833045300     
   14.748388245241841     
   6.6227626456204831     
   2.9119742659796604     
   2.7677466010620528     
   12.216116327000792     
   6.0632802075326033     
   9.1604918530585184     
   11.123220585026925     
   1.3169779124007657     
   4.3289217162260361     
   1.9374789270058523     
   4.0730749187367215     
   9.4101214948918468     
   3.2358141174044670     
   5.2020927631297811     
   1.5350158107496334     
   2.1798556285146131     
   3.3170925534514750     
   7.8795234698026357     
   3.5050726037688857     
   1.3436575954991659     
   3.5279165531018277     
   1.5706685030579399     
   2.0434060554234215     
   2.5412679049279929     
   5.4285304871873734     
   10.217766133003652     
   2.4441275121439676     
   6.0512029398332681     
   3.5404213267070350     
  0.93533463654189108     
   1.3233452498761273     
   2.7325972996934205     
   7.6479221852619270     
   10.099816916332649     
   1.6253628860928300     
   2.4185393009356648     
   7.7249936648520503     
   3.9585481568236487     
   2.3243668561228250     
   2.6267562545789116     
   3.4966189811354123     
   5.1123629377882116     
   3.4182912404078625     
   1.8488315758729157     
   11.449969311416734     
   1.2468784132517980     
   7.4948978910928670     
   5.4493697067854150     
   1.2858543305021934     
   7.5704401952604155     
   4.4000701423641448     
   4.0578837056331762     
   4.3740562495168218     
   2.4859635505705442     
   2.1031130084181191     
   4.5835818917926190     
   8.7641213733291838     
   8.4651198381567898     
   4.2497200018813794     
   2.6483317886259083     
   2.7642396041486617     
   4.4375842162517536     
   1.6425863808092955     
   4.0388221698446376     
   17.607210069584934     
   4.2939065661642051     
   4.3332421972171353     
   1.6439105712760926     
   5.3404974346809997     
   4.7912994666918367     
   1.2481234224942133     
   5.3076787952006859     
   7.1662685069029566     
   2.0660278806879102     
   4.0833360075293612     
   3.0170367631544561     
   3.2685104757752814     
   4.6099995953249246     
   1.4339455798875747     
   2.5349139552421773     
   2.0935896258931876     
   2.4382689882183750     
   1.4729549798035648     
   4.6431985143519032     
   3.0699528910957956     
   15.043558236749819     
   15.446599305769578     
   2.8165529741807198     
   4.4455945243094286     
   2.0754472241024509     
   4.9686296288664442     
   2.2853521879397385     
   11.337878209074278     
   6.8493053345280241     
   3.9199601556609620     
   3.7214484842456641     
   3.5060278279282939     
   5.6191783831052247     
   4.8561001342311911     
   4.6531307522508296     
  0.95044381049514459     
   1.3694311557122278     
   5.5161173666088654     
   4.1352394568436646     
   2.3508732158499845     
   1.0637542109323508     
   3.5804902421689957     
   7.5248625990162408     
   1.5807084112926995     
   3.9607961508232337     
   2.4245104081848954     
   3.3473793181801588     
   7.3272293700539830     
   3.3028200334506410     
   2.3301156840530131     
   2.4501758241069216     
   2.5842307853225241     
   2.8186253951376505     
   2.1591995965725310     
   2.0941638980051662     
   9.3669334666079944     
   2.3364951097325384     
   4.0515757154617500     
   2.9156268631060098     
   2.1375824779130599     
   6.2372843464184768     
   8.2568682653382002     
   1.2565688959982748     
   6.3826467715031141     
   4.0434052631455906     
   7.5215991594624425     
   8.6105429847349573     
   10.256259520558800     
   3.8297773351333917     
   1.6947122401661372     
   4.4451900896642558     
   2.9607184662633599     
   2.2494017096647547     
   1.3983431689131482     
   3.4422093766330399     
   12.655693641110931     
   4.0808735801121845     
   3.1520309603159009     
   1.2854215629954149     
   2.1227520187681428     
   1.8459130236636228     
   6.4875173602179421     
   1.0074661139580909     
   2.3664916363347048     
   2.2161212337404379     
   1.6438209589142003     
   1.5432566404455521     
   8.7225061242655215     
   1.9343289370275616     
   3.9452234425980484     
   7.6190488872531672     
   4.5170819984881687     
   3.1505998112708333     
   2.0471813347657628     
   4.2815970449144789     
   7.2234936481934842     
   6.0493250986222105     
   4.3603044312079291     
   2.0356441260138762     
   2.4610721617143874     
   2.2976376344159681     
   3.0023414797230967     
   8.2630788786908340     
   1.9896203109673933     
   5.1541718638388412     
   4.7866297335853751     
   3.5209218713990063     
   10.791625012392377     
   6.2157873200002252     
   3.2039832188704560     
   10.641162843399620     
   1.8946850511544477     
   3.1124726126150799     
   2.3364146454889894     
   2.6675118945434098     
   17.468963787587381     
   10.961134951278831     
   11.181622028351359     
   1.6064900530708428     
   4.1429102072506971     
   5.3759702179981428     
   3.2219122184412736     
   1.8894155112199931     
   7.7560719781224625     
   4.4443032557011346     
   1.5561043639410752     
   1.2979677833012535     
   1.1895563225784260     
   2.6676537669943761     
   4.7633835001884357     
   1.3804759400303257     
   2.2938345100505790     
   3.9852107762219218     
   1.7727012468502361     
   4.0763080497943465     
   10.844540567263145     
   1.6600513679344799     
   2.5619536391688960     
   4.8262656880259689     
   10.089740023775420     
   1.9417617825461653     
   2.5376920269139744     
   1.9689826721904962     
   6.3897223696416168     
   2.0967630934397752     
   7.7543143844814626     
   6.9367777751578528     
   10.583088261771092     
   2.1161164792722853     
   2.9067393202692058     
   5.5228171320350805     
   6.8302959597017878     
   6.8363619041266297     
   1.3418201135631898     
   5.0009712941626141     
   7.1331812501471079     
   1.0216403848381292     
   3.9724814971667795     
   3.8958824706830182     
   3.6790185569400040     
   7.0097080742161966     
   7.9285888504648865     
   3.5027033593336374     
   1.4444428225878345     
   2.2383604893731754     
   2.7880287361409306     
   7.6524640638646764     
   5.2252614846811642     
   8.0019161843475271     
   1.2933072837873107     
   3.7028391260669808     
   2.2767452178829890     
   3.2438790082504094     
   2.3003205754327642     
   15.013368674819947     
   3.7907750780814329     
   3.3993588400906729     
   5.5768915580861282     
   4.5647813728188575     
   1.9442261860340377     
   1.3020951993321679     
   4.9229176359730369     
   2.3940461836178071     
   8.7136276354638458     
   1.1399459621244210     
   2.4223553308668966     
   8.6287554340021426     
   6.0574211927389205     
   5.4152532696703632     
   1.8792398349110975     
   3.2289319300546757     
   2.7026164779314596     
   10.047269666931617     
   1.9748005768061543     
   5.3138955497630089     
   11.429778922517379     
   3.4586943879293224     
   6.0401128038159033     
   2.6327440277441951     
   2.2046362728190978     
   2.7302011190440938     
   8.5292867604933544     
   9.1357203833705380     
   2.9742730228927399     
   4.1675627018540187     
   1.9429838348536073     
   5.2528500406994585     
   8.0420478779004778     
   6.2868555278729099     
   2.3914076633007437     
   2.9643444272703938     
   20.000000000000000     
   2.5987055722802990     
   4.2031835636689054     
   1.5514073882509947     
   3.5560898532730230     
   3.8609848145507542     
   1.1841664921519646     
   1.9240719974273728     
   4.4191536949214498     
   3.4878206825798155     
   5.8040546445475583     
   3.3648825884162052     
   13.595068404899193     
   14.840700871904986     
   2.9566149325710920     
   7.8493775736817559     
   7.7433833761615647     
   9.4782997462338745     
   8.6533656931869594     
   1.5596462483181615     
   3.6352614142478741     
   5.6524874198571231     
   2.1840982706774041     
   7.2553064091626460     
   3.2862893809192708     
   7.3492195301236158     
   1.1544606610896018     
   5.2455078547900920     
   1.6851657693191597     
   8.6845493300180188     
   11.379384041585407     
   9.0410923285887534     
   1.5174065165354955     
   13.060275331418906     
   3.2330449214011341     
   2.3673466643846899     
   3.6609036926094896     
   2.2281591563377394     
   2.0809527842263051     
   3.1036256666044992     
   3.8485354201663577     
   2.1212558682005511     
   2.2420417792240612     
   11.957887877243587     
   2.8660237429361719     
   1.8443782920002809     
   2.7639420779644555     
   2.5321541669762051     
   2.4083612845342945     
   1.3657564397450777     
   3.9997195486552051     
   10.986228977063584     
  0.86399429110703829     
   13.363931111847249     
   2.7364271150850290     
   2.0590051549693302     
   1.7244133551491279     
   8.5347501175380653     
   6.0430085557431266     
   3.8724269530761077     
   2.8363605220550872     
   2.6221582017736065     
   4.8080840446845299     
   4.8804670973694924     
   11.071099198356210     
   1.2117593590177376     
   4.7862218892096742     
   2.6189134749523726     
   5.0272791943522144     
   10.690615796127059     
   4.7440873684971629     
   2.8846157837031958     
   5.0584755924843554     
   3.6811338409504635     
   8.6142190626439810     
   7.2698215822273378     
   3.0819357661036055     
   2.8752855486265672     
   4.3792878637309753     
   10.898540841060221     
   11.768951258789475     
   4.0577520425059523     
   11.044874942130550     
   1.5401500480833781     
   10.594850584661378     
   1.7913319023812779     
   5.4317424021134739     
   7.8532334751824617     
   3.6605500203128036     
   9.2597399498882513     
   3.4684672892998525     
   2.5190207890160417     
   8.7249260133632589     
   2.4779921343363904     
   1.8157492749213209     
   4.4102104585945270     
   13.506715372958196     
   3.4351250420713626     
   11.907759867823209     
   9.6617263066454449     
   3.0238339747295964     
   2.7593139935337452     
   1.6570073051778742     
   7.7398506159525384     
   4.3062085581084117     
   5.1873337248131062     
   2.4785914315892512     
   9.6689479105947367     
   8.6944370216004021     
   3.9449203355974953     
   2.6690323184610101     
   1.3991540719599656     
   1.5439655307578579     
   11.559070381274042     
   6.1139729084129106     
   3.3125813677024878     
   4.6464074225025698     
   2.6406854232377581     
   7.3654277293049439     
   5.8110974229665686     
   8.0810782826489103     
   1.3138232109959618     
   1.3517884424148432     
   3.3600453597701234     
   3.0228776545517211     
   2.5645211498406093     
   8.9497423682702948     
   1.5282949748453405     
   1.3048235930873726     
   2.8048025290759906     
   3.6797562016166161     
   8.2026318711601434     
   1.5969916430196436     
   4.3873605345884874     
   4.7768869905162807     
   5.2898596759557241     
   4.0509469008441803     
   2.7099641297113157     
   3.2902301574745163     
   2.4770406061006045     
   2.5795265708743882     
   8.5123411590315676     
   5.4948644857209690     
   3.4968945838665579     
   2.0082570108492011     
   5.0707575212232348     
   5.3931533028766134     
   3.1188407008620573     
   10.819308136173637     
   1.6968824402948148     
   1.3041477930673906     
   4.3431218578635429     
   4.5353793057465444     
   1.8506824773754118     
   9.8351887246275762     
   5.3059274303874986     
   2.2220316125595523     
   5.1069331303785210     
   1.5036769692118563     
   6.5858451416810810     
   13.576369205519265     
   11.752764432839271     
   2.8932683899062761     
   3.6718958001238056     
   3.3751516564620920     
   4.5320219167047613     
   4.6704680367185256     
   8.0219316761097961     
   4.0899392032565842     
   2.8557488832739355     
   1.9887695582206912     
   10.206897460985873     
   2.6003496843343763     
   12.153476782452229     
   11.633286605178723     
   5.7869487373244493     
   2.1701671167895129     
   5.5952761541874931     
   7.0801183120597209     
   1.4442858089072674     
   1.5602722950852215     
   12.664522322318346     
   4.3870852189480214     
   6.3121289419909363     
   1.9636337390831524     
   2.4986099472208068     
   7.6392430098276431     
   2.1204070809195290     
   1.1053512961198826     
   4.6222967901438361     
   3.2725680700021891     
   10.687960354259680     
   5.2578204252509666     
   3.9386308357120532     
   10.615252763613045     
   3.9445715710595866     
   5.4416705890344970     
   4.9046818583415979     
   4.6842281172396758     
   7.3106946309412413     
   3.2559265121364858     
   2.2337400004530998     
   2.0420221795072928     
   6.9693177857638977     
   5.3877753218873536     
   1.7628207993542695     
   9.4366463655960882     
   4.9654572896564027     
   4.4438467583220644     
   3.1282556377841368     
   11.394650990975157     
   4.4641156273870415     
   2.1156869054917058     
   5.5643938991450925     
   9.7739236965829086     
   1.3392458234342588     
   2.5782763500400971     
   8.7444415056901033     
   7.2205968894490233     
   3.4663787837959932     
   7.7653813640288698     
   4.4233986169201005     
   6.9245454948832652     
   3.8716451336798339     
   5.0381829914481786     
   2.2544005290641427     
   5.2702704075806128     
   2.0888602328153292     
   3.7805928881797439     
   7.2699236634655966     
   1.3220343551590050     
   5.3119159376166980     
   7.7088145629885991     
   7.2856868794653540     
   4.5855672784707497     
   4.4694896493320977     
   2.6574679972644901     
   4.7301819642240286     
   1.9245644415410064     
   1.5289632803025719     
   2.2803413750222301     
   4.6476970908192081     
   2.2428736392081534     
   4.6427485292186716     
   2.1987746541770052     
   12.187190031584633     
   2.8315018518189601     
   4.0372296590312393     
   2.0012167804306755     
   1.7533931417170494     
   5.9329362200561242     
   8.6395241511850589     
   1.6257163644450752     
   3.0336566894273140     
   1.5329895987763940     
   10.154171313054022     
   2.8872661899083516     
   6.9752041679396068     
   7.5351466471530166     
   7.2817864837189070     
   1.6250422574167682     
   3.1395725507483725     
   1.7542506152141433     
   10.419154302197223     
   8.2295146304310922     
   3.5059968643455792     
   7.1435984591412724     
   1.3270632070890345     
   4.0079375758840019     
   5.5521595310029062     
   1.3613734517840110     
   2.2385642660731664     
   7.8062134801965275     
   4.9851604942361725     
   4.9542621742760584     
   9.8038924194583359     
   2.5218541034330060     
   1.9707735517345413     
   2.1682764869599995     
   2.9350201856137139     
   1.0732550780708381     
   2.1536653083700945     
   1.9306738905629619     
   1.4898099279665731     
   7.7883134705588279     
   4.6755821002878024     
   7.1154088783772043     
   4.6417044844505968     
   1.6064669229305351     
   6.2557760126043460     
   7.5150407409653806     
   2.1181703035042250     
   9.3076535889164074     
   6.1931142819326457     
   3.9014288713141481     
   8.3848384922148131     
   4.5252799967624773     
   5.9933922273124605     
   1.0843651642460668     
   3.3020880264816714     
   8.1413487626490166     
   7.4529588485596605     
   7.6463044474349289     
   2.1211048580221026     
   3.3006194970095137     
   6.0276496728370743     
   3.8291600199950291     
   1.8004444782895461     
   4.7192016150639926     
   6.2583041989814934     
   14.903161912989557     
   2.6353303241865200     
   5.0261963598643398     
   1.9641712657507875     
   1.0814091197350155     
   6.1301613158438002     
   3.6338772509327422     
   3.5942512263708921     
   3.0993864905039388     
   9.9609540457772212     
   8.0614573073455791     
   2.1429522687468352     
   1.9384038195152655     
   5.1677997445876178     
   1.0891955851857509     
   2.9690655857280643     
   3.4499656815687523     
   6.3714792254599759     
   5.8117629479482140     
   4.9252519630760165     
   1.0763644939717214     
   5.7243555139962146     
   4.6264543724389116     
   6.3368450624273454     
   3.7747011313587460     
   2.6524655706618052     
   2.8592149616883051     
   7.5249047781501890     
   4.0836059739272788     
   4.3273056930515956     
   1.7217869141564881     
   6.4218064314251277     
   1.4973666454643753     
   5.1761624693267674     
   1.9630577478806133     
  0.84951007922748667     
   3.6612208751754256     
   4.7668885642995429     
   6.4895139060892300     
   3.4199399370613905     
   16.187095789619107     
   2.0462607752646571     
   6.1899813336286522     
   9.2486690972643668     
   3.1703363785886416     
   4.0376328861107069     
   4.1649105983689356     
   2.9534342693067170     
   4.0294112023937876     
   2.5155582802610850     
   5.4189237536846298     
   12.420790917506805     
   2.5434731438612075     
   5.2211595532375075     
   1.5561398268987980     
   6.0314243260370830     
   2.2171133616805951     
   5.5444024155076441     
   1.6905388788838875     
   5.4204319802419416     
   11.980530751809573     
   1.8328096586732405     
   9.3315172039197769     
   2.4630400139831146     
   6.6137365309474685     
   10.701378130550497     
   7.5089624013641094     
   1.9399828805582338     
   2.7265580475798168     
   8.5112496565932361     
   6.0091131335597527     
   3.5514285697008114     
   14.481329526326423     
   9.4999754828860290     
   5.3011109606867723     
   10.220522046499024     
   5.0105994853761144     
   4.2692914626333716     
   1.3631573673746136     
   2.2615299298216223     
   1.6739059925573632     
   7.7233359409934366     
   1.7774781746204316     
   2.2350607215642961     
   8.0823834177966738     
   3.6431989780073617     
   3.1823966650614479     
   5.6643683709733921     
   3.3021594553484861     
   3.5679339231940990     
   12.903879065397810     
   3.6516901432150330     
   4.1217562824328899     
   3.9626329997588039     
   1.7621954750459801     
   6.3665378159941097     
   4.9954375378204503     
   2.1923510654959775     
   10.842746944430870     
   2.4275538326360708     
   1.6376025943732699     
   2.0011929622589606     
   1.7203156699935545     
   1.2966638897329481     
   1.7235551287697535     
   3.4284190471587022     
   1.9259243610660763     
  0.76357321722467408     
   12.076704922861101     
   3.6921698237165286     
   3.7343415088839671     
   2.7919234980984000     
   5.5659732632715970     
   2.9604555957327086     
   7.2081366611166793     
   4.5987191050531058     
   11.327102684737982     
   3.9849131027688482     
   5.7081600680641982     
   4.7307278586809485     
   4.0270786771373750     
   1.9010624552569237     
   9.5527747686270761     
   3.9817484163611665     
   4.9425816447382500     
   4.4361156282876877     
   1.3252316381402403     
   2.6497106343262975     
   1.4710730498906366     
   8.5969618376784798     
   3.5868816276984590     
   7.5134691627801296     
   7.1011375802318204     
   4.7088586108386368     
   2.8583742876249549     
   2.4797822503680851     
   4.0761952842194127     
   1.3067912311856162     
   9.9975601742679547     
   2.2481647452461049     
   3.6393399723499327     
   4.3398944504620802     
   1.5153873022624869     
   5.4040267964728628     
   2.7414831384203144     
   7.4529361173336568     
   4.1807576964652045     
   1.7311423346879118     
   4.1741891058275327     
   6.6399896125375015     
   3.0274018698809408     
   4.2854645145134569     
   5.0878711103716174     
   1.1513984476965953     
   3.7981016975050839     
   5.4548187570573408     
   3.6906479509067189     
   5.1541120373433840     
   5.5640241714553609     
   5.8026695764141341     
   3.2956348295628719     
   2.2801456289338979     
   4.8686033630811520     
   1.5900743860480344     
   9.0426530971601036     
   2.6960192005025942     
   1.6634818475498505     
   2.9730641665112980     
   2.0673434073723977     
   1.2247749696876002     
   1.6758655990575841     
   9.4821952512342627     
   5.9008018715486958     
   8.5436154590034157     
   1.5584771024478516     
   3.4091344519531703     
   2.8881296200321196     
   3.6439491303592537     
   2.9113201723367514     
  0.86441128642484566     
   2.7275448710969830     
   3.1880309926971209     
   3.4689753186348709     
   2.0411750780622677     
   3.0858783847796922     
   2.1201092566673165     
   1.3338874219104093     
   3.9938263406209842     
   2.1395774579077460     
   1.1338744442549518     
   6.1769866790225327     
   2.6832815619349843     
   6.3870677002016256     
   3.0536886629585767     
   3.7361792660016033     
   3.3378578671967576     
   1.5178903274825246     
   8.7109191914528878     
   5.7322701043386299     
   1.4367326417371487     
   4.5693968777947251     
   9.4620841714146273     
   1.0258627595167962     
   2.9267281720289633     
   10.632412854339083     
   2.1460604147450080     
   1.3844463499185067     
   10.052928419604477     
   1.2495344430133108     
   2.3120921464821258     
   2.2962557874740699     
   5.6813270921150307     
   1.6676849903861730     
   5.8934893232091561     
   3.3282187273516572     
   1.8290562684696956     
   9.7342210660473469     
   3.5151540542653450     
   1.4295459503146657     
   2.1528349068905053     
   10.405530677647263     
   10.881140000698402     
   2.4347414690075082     
   7.0417977464202393     
   6.4967816728430217     
   1.9009280168588698     
   7.1454405225323727     
   9.1500269484232106     
   8.1815681269146676     
   6.9916310888693527     
   2.2318618431449373     
   6.8746234388015273     
   3.8403337260134887     
   1.6610541518531894     
   12.001714695690127     
   7.3779802639326277     
   2.7601593020187409     
   2.9329185434512457     
   2.9695986723310375     
   1.1356509493264568     
   6.0311628032157030     
   2.2874583638746726     
   5.7199294179785136     
   14.403336098637357     
   2.9872045355081345     
   1.6028365655118264     
   1.3089452851878256     
   2.6815055378521508     
   2.8155188360604262     
   5.2419711482226630     
   2.9193936870231445     
   1.0596340539379723     
   2.2261793316427489     
   5.7112461000131054     
   1.2003964362303341     
  0.85989205770878141     
   4.3705332406794586     
   2.1217382620803331     
   3.9684440095204341     
   4.3619840237674632     
   2.7742466901249463     
   2.5796969203230802     
   3.4720925817422512     
   3.2569200991067033     
   7.8680390326948348     
   7.2315114530010804     
   1.8982702091887231     
   3.7106449527720606     
   5.0924059249931286     
   4.1049034762703522     
   1.6448889634662851     
   1.1854964299524535     
   2.1664083239657539     
   5.4924426263371062     
   4.7583085945701216     
   4.2492069402356512     
   6.1856859008162424     
   10.921845574853622     
   12.507662859701579     
   2.3105992421472421     
   2.5298267786759636     
   4.1109369297159670     
   2.6769384028911882     
   1.7545253991468557     
   7.3473042523718561     
   1.9750396217328237     
   3.7461154390233244     
   8.7275607457061835     
   8.6397210613212092     
   1.6134671569401651     
   3.0810427161909839     
   7.5804635212179408     
   9.6477626253402438     
   2.8850007197756247     
   1.9824216636503467     
   1.3039824978738834     
   11.434092706916545     
   3.8120648002734145     
   10.982723089233581     
   3.2146534242255895     
   1.2367590553501868     
   5.9755819226621343     
   4.8843177444271646     
   9.2288634167686947     
   7.1539731656263745     
   5.5945332642379997     
   4.5210536428391217     
   9.3136591059398075     
   5.0997994107123024     
   3.0658676962207752     
   3.1078407311148615     
   5.1174761389257251     
   4.3760222135097155     
   4.0115117800784921     
   6.5404025071598975     
   4.6407877330399145     
   3.8914985355103693     
   2.2122846039327038     
   10.107193128327538     
   4.7070876321501878     
   10.656112270794912     
   2.5398542104552657     
   10.000760525721439     
   18.419268245385140     
   1.5591268841611059     
   3.1339192559138711     
   9.5599763054531159     
   3.5846137853253834     
   3.8492789193729799     
   9.5910897872051493     
   3.8953252114310435     
   7.0769449612150108     
   11.701515502121939     
   2.6645183859360406     
   1.8825776499800437     
   4.8734574733680054     
   5.7990147744247462     
   12.655868731271479     
   2.6016938864883152     
   1.7805971238681999     
   1.4664675166319054     
   2.9398068254437684     
   2.4306091956359035     
   8.8923268492081657     
   9.9012041578527565     
   8.6036491497721617     
   1.5918430319442549     
   4.1387457806396313     
   8.2698041279607857     
   2.2443678057332779     
   4.4524978679505116     
   3.0174705398655810     
   4.1289410601165208     
   3.8748496423644787     
   1.3287425711840546     
   6.9771013945192433     
   3.8914252355527239     
   3.1862106089118631     
   5.9076532048435819     
   1.9436556352375574     
   9.1877822824245463     
   1.3180855287275566     
   4.1175633219600165     
   8.6406227317859319     
   3.7394379099503889     
   2.0777483817190570     
   1.2706109162146020     
   6.7329480579525072     
   1.8305276484014721     
   7.4793356799630644     
   4.0704024831876655     
   5.5527294582326459     
   6.5542100418878251     
   11.722208680220916     
   9.5446565543433355     
   8.1769146160203636     
   2.9838830269791794     
   14.833950587311225     
   2.1990797003810747     
   1.7248528897314952     
   1.9023244839086706     
   3.5740875837584363     
   5.2832009342678612     
   3.1552442132029399     
   1.7469171609200438     
   5.8914037501305518     
   1.1263949999224041     
   2.8487951060282741     
   5.2919540748365579     
   11.631223789999369     
   7.0768878446261603     
   7.9326091625951634     
   5.9579795114221703     
   2.3693212167122990     
   2.2703922758139594     
   8.6893800759789919     
   1.1615848957583004     
   2.7942978276325188     
   1.1476959550294028     
   2.0860280299953304     
   2.1733912049910145     
   8.3375402898528197     
   6.5088274399153399     
   8.9957498843365897     
   2.4737109590503494     
   1.8869734954852362     
   5.8913860101939930     
   1.9838701489787716     
   11.828679576463596     
   5.1520483889882991     
   7.5615649240118890     
   1.6927724954880399     
   5.5319274168049457     
   2.4163907369904938     
   4.1590320981127622     
   9.5569162049441108     
   7.4633474464808867     
   5.5049769734563183     
   1.7231482421987165     
   2.1302437274710719     
   3.1869321687327874     
   9.9823803517778131     
   5.5199381797282552     
   2.1415997538747069     
   2.0763564269414219     
   1.9432603030331634     
   6.6455562615780357     
   11.676844684014796     
   2.6761551226501394     
   3.2036044759509177     
   6.0765826271013159     
   1.8135871441622178     
   3.9271619592797680     
   1.9553035444085747     
   8.3347856895430539     
   4.7053086412203262     
   1.9698375521260740     
   7.7406885755815376     
   4.5620355545938782     
   3.9187064427972058     
   3.6321956667322364     
   4.2527361596148188     
   10.457033170920432     
   8.4541941217413203     
   2.4255903251822706     
   6.5707017726948331     
   3.7006223585165725     
   2.0171499082560320     
   4.1554477293209375     
   1.4030730215152483     
   3.3733140833289044     
  0.95638649491634176     
   7.2170905037457533     
   8.5404627157749697     
   2.4808337201737825     
   3.2978592967882481     
   1.8792476306884438     
   2.1262412082783495     
   3.5311380111378687     
   9.1139117200030224     
   4.7418844777705127     
   5.2948169104155038     
   5.4559793532957359     
   1.7257001567122929     
   7.8260424888685725     
   3.8982634995860437     
   1.9842391154791390     
   4.1706989733753375     
   1.2370869848143735     
   2.0402706437126605     
   2.3093464448315180     
   5.3777283238107669     
   7.9287310099076045     
   4.5148827760080232     
   1.6972422539160434     
   3.0165802611291337     
   5.5908445149867037     
   3.9062383697674545     
   1.6254746457477960     
   7.5135515817710168     
   3.5637328408335569     
   13.244780896907574     
   3.8181130401793899     
   3.8843050154688545     
   2.6933854038677754     
   4.5380458286844370     
   3.5609548780749831     
   5.9261919345546721     
   7.7345740162474490     
   13.048835447053724     
   3.1079043780273374     
   6.1045150631636043     
  0.66838063583483986     
   5.8318588251861687     
   3.8926928697589753     
   2.3639461010648755     
   3.5805255239843072     
   1.7083444755356132     
   2.7843880792823814     
   1.2648117468022104     
   3.6538216660497618     
   3.3844372867656882     
   4.8853054912443632     
   1.4957432946941667     
   5.4901861224357900     
   3.4049069569844232     
   1.9586077943694713     
   2.3771523111250716     
   8.7851125522632305     
   1.6374606838417591     
   5.7499934785566467     
   7.5646495514355747     
   5.8080025388009799     
   2.4155029617222250     
   4.0677643971519464     
   1.5854529976363425     
   9.7271613630752576     
   6.9251415959068856     
   4.4621678702863470     
   1.6217146486362610     
   4.9523202463302445     
   5.0115714219632981     
   1.5209257092748605     
   9.8143680640057251     
   3.2219180327304664     
   1.7856145405121118     
   1.9474338344966156     
   2.6219733211450604     
   12.211998032505296     
   5.2058806165561231     
   2.9401959828154292     
   4.6814803593214158     
   1.0678098284619817     
  0.99161739502254975     
   1.6421288227204691     
   2.5253006059999339     
   10.727201508198702     
   3.5299385422543712     
   2.7333443618622137     
   10.073291561050064     
   2.3910280664842438     
   6.1633010725058730     
   7.8186254213127473     
   10.481772948510830     
   4.5214625278874268     
   2.9127843265396027     
   6.0082091247241882     
   4.3259154741243888     
   3.0207129146097706     
   12.531675170094738     
   6.8376671536315667     
   17.080712862519327     
   1.2182980048334546     
   3.3731261676355420     
   3.3253554348881691     
   3.2339961264099513     
   3.5297649806395759     
   2.5109910768454378     
   4.0501213559485159     
   4.7640340814549962     
   1.2873156283721403     
   1.8463484014583063     
   2.8705826626581272     
   1.5626474486907107     
   4.0531804602277424     
   2.5969390170584745     
   3.1738949871080355     
   4.0700868926311777     
   1.4783265409691300     
   5.4539707293451958     
   5.1374623494679019     
   4.4786476314921293     
   3.1925830207148556     
   7.0215446088828388     
   2.9801653986952936     
   2.4386168472440461     
   5.1037237306762329     
   1.6436856283737478     
   2.2171313916245836     
   9.6633438444911075     
   7.0558826656848410     
   7.8906167630613808     
   3.6494510078309288     
   7.4861263709759696     
   3.9537082121189844     
   7.3889503114513486     
   3.9906151046017211     
   6.1589256765584057     
   5.5074121000680982     
   2.4662277419831851     
   2.7237215150674903     
   4.1269550088912546     
   2.4180136637829222     
   3.1834153812845472     
   1.6032833294910320     
   6.2877499050472085     
   10.219290885240870     
   1.0784445882951907     
   1.8456687770461044     
   7.5011364137518051     
   1.5884481816587488     
   4.3057063409566938     
   4.5023299761635327     
   13.272934732470679     
   5.0701699696233682     
   1.1220435143012399     
   2.3637145456958697     
   3.6107228869185883     
   4.2106717503079549     
   4.0399434079574821     
   4.2293230461802143     
   1.7647812728410917     
   2.5491545058440592     
   1.9450337773342223     
   10.385477147930747     
   4.5130841833159492     
   7.6791463316072601     
   2.5068775319197560     
   7.9044118936658672     
   4.1987429750616103     
   3.7330065699728152     
   1.3871261282684961     
   5.8364624298396697     
   4.3090274170869449     
   2.2217174711315333     
   1.2024725842549233     
   4.1705231627144466     
   5.4212231151014647     
   2.0672962577059293     
   2.8204094155932662     
   4.1265655093893931     
   11.018555678417682     
   4.0643810535276979     
   2.4197636190026510     
   5.8409931886531812     
   1.9614222693767072     
   1.9055477063734383     
   10.039070440149400     
   1.1171228684959866     
   1.3921252879561901     
   5.0573272592721441     
   11.404172144152197     
   4.8224395080197029     
   12.159328245435324     
   2.8984447841394281     
   5.4653321497516121     
   7.8330827152975377     
   5.9261686070084370     
   5.2490269090556021     
   2.7243779593191007     
   1.4296481138307890     
   1.1181970963096812     
   1.7547358549111660     
   9.6019973005080246     
   9.9374430838781187     
   1.6325086943008029     
   6.3356918540412339     
   2.0832327379051812     
   6.9781094652136275     
   3.7249756743520099     
   2.9526207492542222     
   4.1009732993644397     
   2.1019094942761516     
   9.6728269948968411     
  0.81010220114478904     
   8.6013698468951425     
   5.0036630144788363     
   1.6557898132522884     
   9.5130107111863236     
   9.8500716119944745     
   2.5656131437204674     
   6.4077938319574450     
   6.6344142598229574     
   1.8851348938510011     
   2.0673243969072157     
   2.1217492067581656     
   11.742579204553312     
   11.987744213200381     
   1.5979401777310627     
   13.085274921708260     
   2.2250020942521584     
   5.0620744394918864     
   4.4859803231196604     
   9.1582507185518143     
   11.478257601353242     
   9.1690031585806651     
   3.9411436188327631     
   2.7161699562898596     
   5.8763343580418228     
   1.9786540004306878     
   9.5030312673186970     
   10.180610121436237     
   9.6109359284611706     
   14.280141898809914     
   2.2667907681564810     
   13.202866933499276     
   1.4257360981294189     
   2.3355909123899292     
   9.3529473589865422     
   2.0381053838502932     
   6.4333143114735449     
   6.3254303173865996     
   1.6117226354356309     
   2.9923933670701430     
   1.5154092815764544     
   11.140396465769607     
   3.2622001668786340     
   1.0068130692848025     
   4.0408861327646930     
   1.7651487412679625     
   5.5931163684251324     
   9.4706471818221090     
   2.0545974003675571     
   2.9077169374354259     
   6.4772415146807569     
   7.1433312501265700     
   3.1804307013540689     
   8.3465024484182937     
   3.2712574006034085     
   6.6030449946284442     
   3.0664973192604599     
   10.371136372209270     
   4.8658279214644828     
   8.4820880194898649     
   1.3274180939371809     
   1.6326865083015689     
   7.0827458549773947     
   6.0132634947989763     
   5.1691441541752035     
   7.8552886859944797     
   3.5573829065691642     
   3.7371081728900304     
   8.8807489666989632     
   5.3309482986713652     
   4.2434962057023915     
   5.1618305490572247     
   8.9553936016453353     
   4.7390387550714497     
   2.8776767370008489     
   2.6376114182049708     
   4.3912432929564336     
   7.2920056145250927     
   1.6905302886960976     
   2.3136859840486825     
  0.86574078156136958     
   4.1036131858664824     
   5.2764849069210813     
   3.3439058502757262     
   5.0981839833685880     
   3.3995338655516991     
   4.6827604612755591     
   3.2465969626423341     
   2.8868143192857456     
   3.4062814693970576     
   8.9260367402914103     
   5.8314140618758108     
   4.0094293123817435     
   5.8869347452052398     
   1.3158601650068351     
   4.0580479276100725     
   1.5978473957859551     
   2.5778192071918813     
   3.9170342036966987     
   5.4136623509852537     
   13.481905081166625     
   2.2003563376923907     
   3.5143648875806521     
   3.3506436937491291     
   3.4222734613114567     
   8.6264437190376899     
   2.4102126079157622     
   2.3836195222610495     
   2.2000932037055985     
   1.4438844943745053     
   6.8768009101493615     
   11.068152003558289     
   2.1005852113731773     
   3.4388554858422933     
   4.4722985529277741     
   2.7883776767104482     
   1.4429637863878166     
   2.8056288168611929     
   1.9341278013195291     
   4.8864351745271053     
   1.6818639774297839     
   7.6814797925282940     
   2.5833509944962953     
   5.4918638738592849     
   8.4687245201002774     
   5.7114400035016777     
   6.8753082317403855     
   13.761887188074491     
   1.5631030550313461     
   12.603317408122265     
   9.5724356316881050     
  0.84018898423640398     
   2.5357330299679992     
   1.6090021513661767     
   8.2513304262505596     
   3.1505068533880527     
   10.932453100971411     
   1.4977433760447676     
   8.9493050480439269     
   2.3238329024588125     
   8.9749364002820222     
   3.3709556315256561     
   2.6669869444316738     
   4.4920108240967140     
   3.0497533644843116     
   4.6079950543447445     
   4.6525950739478343     
   1.8724120547277918     
   7.2758389191527888     
   1.9037937302266765     
   7.3634539475918848     
   1.6952498223519261     
   2.6651797323560071     
   6.4350505190089748     
   5.9056635528412471     
   6.4796429283291017     
   2.0425896375323180     
   3.1213136893922031     
   3.9811636013063696     
   1.8042387427032198     
   8.4865017118682822     
   4.9771624901640061     
   2.0748366515231376     
   1.8340750899484186     
   3.0244135657241613     
   3.9501920969640474     
   7.0883763421099317     
  0.64109547690164548     
   2.2624911092163229     
   9.8941694720848492     
   2.2071414735204842     
   3.3391436665329488     
   11.056322024778829     
   2.3630557282024696     
   11.127885887807802     
   2.1282470732216718     
   2.9061623271774448     
   3.4428030757081585     
   5.0136742163626877     
   2.8566279839497111     
   1.0745062444201585     
   3.6839183648692804     
   1.7106793317193925     
   2.1812453728603161     
   8.4898173331948090     
   2.5989777315671279     
   1.3020200819416072     
   7.4479672170112368     
   6.6748995938271101     
   10.467668786369623     
   8.9530507422506265     
   2.5001500963957599     
   7.4008627424027651     
   1.0057629033629394     
   1.0105872895314270     
   2.3606291459148387     
   4.7826678509794833     
   7.7880952987793188     
   4.0924681613584077     
   1.8701030818434821     
   2.4312431401199679     
   1.5972862817765570     
   1.1671657286396615     
   3.5156424398231687     
   2.9540491886962390     
   4.3141110034537915     
   2.1918094441002052     
   7.8989033014235401     
   4.6180468296033013     
   2.7959949144328680     
   3.7106610138797107     
   3.7028975583123396     
   1.3150886904030277     
   2.7038789055487160     
   4.3902414224739310     
   5.8976897208907548     
   3.9689549264991153     
   1.4948607821406994     
   5.3433195265200126     
   2.4527838912537994     
   1.8493539818386604     
   2.2323180827215752     
   11.779345868855874     
   1.9942261862887396     
   5.9768358482282151     
   9.5472306040880195     
   3.1916200917866453     
   3.3230103410833203     
   2.0325828455774757     
   5.4226567358567523     
   2.1378872455293769     
   6.3308420982621056     
   4.3921664522551289     
   2.7949558869523656     
   2.4846859757711672     
   3.5628507664356910     
   6.3416830030451496     
   5.5273881071914408     
   1.1889187810797996     
   3.6976120940763519     
   6.0079372064892906     
   5.7132823830788446     
   3.2832746762709846     
   2.0877580848016746     
   5.1097374215283837     
   3.0576954379866406     
   2.0321902857075069     
   1.1566163248638823     
   2.5001627024948752     
   4.4417751842364162     
   6.4928551493514837     
   7.6359502845766833     
   3.3362677486545969     
   5.6402315329096444     
   8.3554842785315540     
   2.4778810250832710     
   1.2627634040225733     
   4.0446403752381768     
   5.3870438728048953     
   7.9515522786814889     
   3.7837642703198902     
   7.8568895803090752     
   9.2367100554107573     
   10.487828076200135     
   4.9762396733950780     
   1.6079563631777976     
   4.3452003213152386     
   1.2937632016001419     
   7.8380762998231512     
   1.7160106311836223     
   4.2311346237686669     
   7.3699045108854682     
   4.2247289535244041     
   4.3156558716715816     
   3.4603550878953717     
   8.6570253411000468     
   2.5417163810138663     
   9.2681543373852797     
   2.1105979809131838     
   3.2895941463115879     
   11.058170898060903     
   2.3494834069006969     
   7.8902487208891667     
   3.8566972983963885     
   4.3394255217110507     
   5.9737124262009358     
   2.2618798307593013     
   3.9384046581402345     
   9.1570628973044634     
   1.6865157091657668     
   1.8768204694265198     
   5.5415163924907009     
   3.2730207057974443     
   8.6097101305365040     
  0.98333010638129981     
   2.9880108858553345     
   2.7110352776309341     
   8.1354142336382154     
   7.7447936072420234     
   4.6187636484630143     
   9.8632465790813413     
   7.6776515724905048     
   1.6598344634804656     
   1.5338662058779815     
   8.5222222153846285     
   2.7142830879561632     
   4.1151269950839575     
   2.3734801539583827     
   2.7228661895314459     
   5.1119878532313567     
   7.6944038254985996     
   5.2058133688980881     
   6.8921452904958196     
   3.4840686221022552     
   2.1232997941684379     
   2.3008041308131668     
   1.8701999884907727     
   2.4424006619473491     
   6.4498722008118152     
   2.2805534428409850     
   5.6953323266074314     
   9.8107914906623126     
   3.2108432990482747     
   3.2113186609400133     
   5.1743810199712277     
   4.9684007887985695     
   1.4016279215252780     
   2.1940611075445160     
   1.6703764082403278     
   3.3334529797973818     
   1.0141717491981590     
   3.2985212805103834     
   1.6272744904437471     
   11.046475857940731     
   8.2995035566083999     
   2.6843345341948956     
   3.6098707280879423     
   3.4457261524385090     
   3.1523366738213134     
   8.9039551936085779     
  0.96791920682122190     
   1.9246529346738213     
   10.367547852396726     
   1.0631196482477183     
   5.3910549225866102     
   3.3978569674138321     
   3.9631011611646905     
   3.3738146874147317     
   6.6538860463583509     
   4.7151885439807515     
   1.0715615973205772     
   3.1681176368074513     
   9.5332227754527175     
   10.122627457279814     
   6.2285077065580197     
   5.4875798064707846     
   1.6560968946354475     
   2.3136392152663618     
   10.805141516084898     
   1.9440878334558300     
   6.4388545777661772     
   8.7326918681125871     
   11.215108795509193     
   5.9054653782694579     
   5.6273953324116102     
   6.0595687312625888     
   4.8399640670551882     
   10.488742418028151     
   3.3356189580775277     
   3.5122549699492907     
   10.800894115029031     
   5.4388251266988918     
   1.3809691527031731     
   1.7715176251995051     
   6.6647894291695842     
   5.7459673309455939     
   3.2099521157265376     
   1.0876517995710799     
   1.3793376564430240     
   3.6714426626626211     
   5.7753438135416113     
   2.4076991113850807     
   14.096356148035253     
   3.2794127834557396     
   3.7078342557304711     
   4.6912075529733110     
   3.2742690546076831     
   4.8838685273003195     
   3.9307539194537937     
   1.1321759317178830     
   11.645611919920691     
   1.6139924321140249     
   12.901082939863155     
   2.1623704409345446     
   4.9596886086637744     
   7.1829769650612514     
   5.1012226372638398     
   2.2195333056592150     
   4.8917645789253186     
   13.600118250686087     
   5.8988057787477022     
   2.2125692570965829     
   2.3688794487501519     
   1.3023188111060764     
   6.0380708127306821     
   3.2924520701127955     
   1.5365887171190706     
   6.9165118491173949     
   3.6987858829968498     
   9.7750855429146064     
   6.4986625899785970     
   7.9018178488408521     
   10.495165088132518     
   10.895704672348961     
   1.5805705596068764     
   2.9954688614327027     
   3.4813183924873288     
   2.1082141655489481     
   6.2424667851529758     
   2.0627354381960412     
   2.6973995718647852     
   2.4310890442468733     
   7.0837408744271206     
   2.2013430097862319     
   1.0869390022124448     
   3.8273349490465902     
   2.8001884865737869     
   2.1537046605244314     
   2.6075649355900046     
   6.3558313677141021     
   8.1341188763201568     
   9.3726852851737572     
   8.1076932491768261     
   4.3462190392727846     
   1.2867812799634315     
   3.5085269264383347     
   6.5926873949179763     
   5.7894339627654618     
   5.6440726038480733     
   4.2790348060912242     
   1.2293938941424711     
   5.9401534976986730     
   5.3753031975642402     
   3.2824622378366382     
   12.239973519232068     
   8.7841999879820030     
   2.1094977275489297     
   2.2312745055427281     
   3.0943951864566728     
   8.0874168145309042     
   4.3327980423810191     
   4.8611031686246120     
   1.7635695242217946     
   7.9578310867476363     
   7.4493453405156158     
   6.1109520972582958     
   2.3575064494622935     
   2.6823289837536892     
   4.3987438361316755     
   4.9140170516394166     
   1.1129120691898506     
   5.2086765267804900     
   8.9137995264435368     
   4.6413554566837290     
   6.8585726665718365     
   3.7083294324459470     
   7.6347727051772765     
   5.0159671326446400     
   10.578544199842192     
   10.430004733514348     
   4.7154471044654853     
   4.2937367297973372     
   6.4271624452984337     
   7.0995719012788427     
   1.2434089466818177     
   2.3350497853478043     
   5.5029745703186839     
   1.1046156763487711     
   7.8495408297904721     
   1.3361913236686767     
   1.8978468332238607     
   2.0977391444991222     
   6.6081521643966816     
   4.5609492107547824     
   1.5761064488917544     
   3.3928966671519825     
   6.6678015660947416     
   1.4882275565929795     
   3.4892725448729305     
   1.4480217756875018     
   1.9575566846667409     
   1.4803852398128743     
   10.974179033111714     
   3.6523272349856017     
   2.5529559880860133     
   11.527295348886065     
   1.3876152702729874     
   7.0464012349032261     
   2.3127359802379557     
   3.7571961652283163     
   7.4603889599446847     
   6.9000947239363359     
   2.8897586487718439     
   7.1784206108239461     
   5.7735053458781103     
   3.0352916688915883     
   4.8605528648758884     
   4.4501474726620476     
   5.2557851643354319     
   2.5713643868426179     
   6.0771259125913835     
   1.2044947563255506     
   2.5609454865168537     
   13.901758074140258     
   8.7976487623982642     
   2.3317090267493157     
  0.78831460812152720     
   4.0461156977675161     
   10.016003926240892     
   7.6104673055514604     
   2.1240972958563296     
   2.2624531653199127     
   10.635436192191261     
   2.2274896382222225     
   9.9187185316815025     
   7.8069605630652701     
   12.889972598439456     
   2.6001232477329848     
   5.5565658970080385     
   6.8468850267086756     
   3.9501286145767733     
   3.5094441323918240     
   2.5744634773830013     
   9.0561791591646852     
   1.7090858002509675     
   9.5725320785652830     
   12.076375543159116     
   3.3409895958080331     
   3.6481671369052764     
   5.7552982174651373     
   1.2284620955542311     
   3.3822940441296225     
   3.0706396916224352     
   4.7097380598976981     
   1.3205749936421896     
   4.1901104759124204     
   7.4683295544628159     
   6.9998413489523301     
   4.2660806841176591     
   6.5233996439915991     
   7.4023984913458865     
   1.1563170250827213     
   2.6074762194117089     
   2.5363018706976379     
   2.9269210083925477     
   5.6504210391657681     
   4.5064927878078995     
   10.638065752192459     
   2.9320938791752820     
   7.4174300952312295     
   3.7669226282067951     
   3.3444124758290990     
   6.8068835943621826     
   10.030182831524664     
   1.5432076737075191     
   5.5354124022211151     
   2.8909735677826016     
   8.0217663725017676     
   1.9453824334543199     
   5.6601058794598318     
   9.4744086971850301     
   1.9457461842014125     
   3.5454329035197474     
   9.3861634614554958     
   3.0493311754457730     
   9.8035846082181113     
   2.4972319032425090     
   2.4019508581500113     
   2.0879815026599609     
   1.9653708341803375     
   1.2415473204736758     
   4.1664754190383348     
   1.5319991389072967     
   3.4964192624055292     
   12.364096517999027     
   5.7081457123666528     
   2.6498802636780505     
   3.2769416655015555     
   3.4513144529583486     
   1.2553630349744835     
   4.2770761816153557     
   12.577179487905333     
   8.1532158774415784     
   2.4295420093397593     
   2.5059219242926032     
   6.9689580991384847     
   8.9046847441008463     
   10.492343924827527     
   11.154839704323003     
   3.1321517981859626     
   2.1266536415554800     
   2.5082723337936965     
   3.5660223047796511     
   6.4563108529421287     
   1.4760066762905764     
   3.3422659583376744     
   5.4662455577261984     
   1.3751966309773138     
   4.3799902798358357     
   3.3446237966847936     
   1.9528554793453663     
   1.5753608890244217     
   8.2464840402082427     
   1.6106684556421571     
   5.7470673431224997     
   13.200625471079530     
   10.118302409257396     
   3.9504753296962192     
   4.8227725035416649     
   7.4114313447371982     
   7.3041470763180421     
   8.6279249047418443     
   10.959197709741360     
   2.4830209456014409     
   8.0457336288436370     
   2.2394121239094451     
   7.3178451425556643     
   3.8424217049632698     
   2.4591466196895753     
   15.031090822381637     
   7.4917304432436529     
   6.2263147821335174     
   3.5693386981781678     
   5.6582984211856022     
   2.6649956530868764     
   6.1818815074395497     
   4.0650370952879129     
   4.8362096484486550     
   4.4076903859964753     
   5.9966522878615560     
   2.7396495511718872     
   9.1267089126716296     
   7.6387095815882660     
   4.8690561632546832     
   2.0796956341912396     
   1.9471292839621759     
   3.7466745660042804     
   6.5319540297893850     
   4.3891718363263328     
   9.3870830950420139     
   4.3300349399603038     
   7.1783083680274347     
   1.8536164045446131     
   8.4136369375192306     
   2.0758020767067498     
   5.8973937659770925     
   1.2225533639083226     
   2.6170313892703461     
   2.8858730586101129     
   6.2164523093936195     
   4.1139236940338266     
   2.3167952739648521     
   10.633306076411930     
   6.4346242653334649     
   4.0664210650031576     
   9.9356099953125412     
   5.0180482700851172     
   5.0893472873461398     
   1.3004447892914068     
   5.6071721105003700     
   1.1466389383254594     
   3.3649590606665973     
   6.5029690963958799     
   6.4578051532655012     
   2.4571775943346723     
   5.1562326358908068     
   6.2089296155993541     
   2.4612482637331898     
   2.7673093484691660     
   4.4887503583545660     
   13.676630759966573     
   1.2425751894125425     
   4.0968567271564602     
   2.4178228093608864     
   2.2047393183791475     
   1.2849949917085757     
   5.3711190938364153     
   4.1347504536173627     
   2.7168403942496564     
   6.6135789782162160     
   6.4867063914317713     
   7.3277967331797420     
   1.3683445221822805     
  0.76021848967360295     
   4.7038582591247611     
   2.9279783788941693     
   10.482734251265395     
   4.3894446471878306     
   4.1922579366824815     
   1.1829624075812397     
   6.7678654549789439     
   14.537086311698191     
   4.5199383119041334     
   3.2199028851187630     
   4.6915811959432663     
   5.0298657528161179     
   4.2083561866166761     
   3.0917409420975956     
   3.8237877920877827     
   6.6938645366333329     
   2.4380600961520860     
   4.8547424739855849     
   4.5267961308418254     
   2.0123776179637733     
   3.0057481031674462     
   2.7830246568461958     
   4.3577601452975543     
   10.391183268289414     
   6.6125130917528807     
   4.5155635771999032     
   7.4299173556069347     
   1.5304978738199448     
   9.4730837797542051     
   1.4594058059100843     
   3.4569823167789311     
   1.9155725886432233     
   2.4772585476162012     
   3.3421396486627137     
   3.2121988502950090     
   9.5085468900831049     
   3.6294839348889831     
   6.1347464919973831     
   3.9230623754243936     
   2.0081618705177591     
   2.1142652137084283     
   1.6678747474209479     
   6.5413131538123110     
   6.6040102311641320     
   2.3220526030844275     
   2.9889701586565374     
   3.2791924215741663     
   8.1926404109811486     
   5.0388361894700227     
   1.7267794689004892     
   3.0166259595070617     
   7.8161199251711677     
   1.5184462690287461     
   4.8881095971633899     
   5.6412264203464755     
   4.2987987655552953     
   2.0508386022598111     
   6.7392472031736315     
   5.3463777209857959     
   2.8242549809118764     
   3.3720279871018692     
   1.8951932104046869     
   1.4324379156196829     
   3.4003750938588100     
   3.2648214372160167     
   1.4498204113643598     
   1.7969143443561679     
   10.448846471058136     
   1.7848977839011266     
   1.7750288751864152     
   2.1935042994117215     
   8.5745275696378886     
   2.3652275988562428     
   4.6492171288025839     
   5.3761197569824954     
   4.7081615939287476     
   1.4849794028923835     
   4.1870977999129044     
   4.4771888496208554     
   1.7464070400328979     
   3.0718212289828388     
   2.0012113948798009     
   1.1577238950103781     
   1.5931444734097884     
   2.0726550456640283     
   12.904428979461608     
   1.5553658878383285     
   4.9685686967843470     
   2.7671140400002394     
   2.8821497637612041     
   2.9657394068489280     
   2.6111598111958836     
   5.4385807069541467     
   1.6216398717856040     
   1.7943866887431681     
   6.1215224522904945     
   10.172935074965544     
   3.3976502102819142     
   4.3381997849082161     
   5.0981254087182428     
   1.6929370261690608     
   3.7536831012940848     
   2.6453061516111971     
   6.4848227625798609     
   4.3869334608943129     
   7.8565459257819663     
   6.4913563287211078     
   5.0929091127583970     
   8.4818393111259773     
   8.0343569231351708     
   13.149454976579532     
   2.3673271910412685     
   9.8085013882333705     
   12.509464371483125     
   2.8854866825535552     
   2.8176775785465815     
   2.1636929889976853     
   2.4566044779575709     
   3.6874584609487671     
   4.7139135129553562     
   2.1034098414787299     
   8.4935971893381961     
   1.2891395959373610     
   2.1419267283689640     
   11.437864476109285     
   3.6085996764337223     
   12.320747187679569     
   7.4475195246873636     
   5.6031015914922291     
   6.3563184406629061     
   9.3689696936148934     
   1.9011923654482243     
   1.0201217083894976     
   2.0643793669654076     
   1.8404280022801855     
   5.7688458783486860     
   2.6252746255134785     
   5.5188825170948581     
   2.8737821301951878     
   3.6486416274045550     
   5.6710747334928735     
   11.772863447345435     
   5.4975015083555210     
   4.8788608325216929     
   13.589865475082142     
   4.4964988165008855     
   4.9344897336118532     
   2.4014883244987719     
   1.5148567939674820     
   1.3409564008237056     
   1.9500491499545416     
   2.2852167668045409     
   3.4089945072383188     
   3.3092696169737348     
   3.6042044387745391     
   2.2769008745725796     
   9.7104583592471698     
   3.9503800711688637     
   6.3156988155611895     
   4.3039625400890458     
   2.7115980397232891     
   2.6688492545899156     
   5.5511958034080759     
   4.0288217120038397     
   3.4454317383382866     
   5.4691449789963578     
   6.7016476661121827     
   4.6319236386780522     
   2.5318528407772627     
   4.7503230539146681     
   3.0512337329834032     
   5.1389281495675476     
   4.5240327426723876     
   1.6990105626949019     
   9.9669652091414722     
   3.3913740840959683     
   2.0804527806123327     
   1.3236314129078008     
   3.0633404812251901     
   8.6828744082335998     
   2.5888766818380358     
   7.7296411264108524     
   6.2862843472099694     
   6.1645221293833217     
   9.8058655468886524     
   9.2957183871211164     
   10.814867298556011     
   7.5615995671334657     
   6.9012005838055597     
   3.3946697163924200     
   1.4152167565179163     
   5.9557891810937225     
   2.2907036541577224     
   5.4836785186648216     
   5.0898271981412524     
   4.4048434378999710     
   2.4918326582406110     
   10.541159115663683     
   5.2024195205955168     
   4.4506520147686262     
   1.4208363815615126     
   9.6323626917186580     
   6.3814219554588529     
   9.4779373435286480     
   4.0303193743503938     
   8.6398145101715293     
   1.6944199048272952     
   2.8904500069319314     
   3.6011181828996883     
   4.0962079330797003     
   11.786882005709559     
   3.6618434514478624     
   3.3306676465461225     
   2.4276663151556712     
   6.2760826300103743     
   2.6815281148700381     
   4.6826839640029245     
   6.7618560652967732     
   9.0292766773065622     
   3.2643476831505818     
   1.0279521926694113     
   2.1929130893746183     
   2.1673201486505458     
   3.4264395742851295     
   10.983355076017322     
   14.065236981563208     
   6.8888236888199961     
   8.7731687577186097     
   1.8375000631662430     
   4.5760959283396714     
   6.3975171648977396     
   5.4294733579391181     
   5.8660723845200318     
   5.1343478772770554     
   4.7484861563236906     
   3.4346784796170251     
   9.2383348349101944     
   3.1710454794692353     
   3.9787808417475228     
   3.1186882198209633     
   8.7101305905389772     
   5.4262453885346567     
   2.7770190759499509     
   1.5207387007970501     
   6.1468490249257473     
   1.9292913593954331     
   7.3695900204743454     
   5.3155938640507268     
   7.8457266516718667     
   2.7127645302353778     
   5.3226830268429923     
   6.8500867706605399     
   2.0168706539778314     
   12.873990082230355     
   3.4676588117527363     
   4.5432355720852717     
   9.6533539287951573     
   4.6636006040311733     
   2.3167861646168602     
   1.8239843176294976     
   6.5806484194702479     
   4.3004839343518357     
   7.9407712118443108     
   2.7805662812296461     
   2.2022167942625326     
   7.0733147840167891     
   7.8508405587707104     
   3.2061788766464923     
   2.2599572567883097     
   1.1742102971637078     
   9.7985279047409630     
   7.5360698453349935     
   3.4051377083365422     
   12.800013105786348     
   3.9286724185198132     
   1.3381639561725975     
   8.5155772480216925     
   2.9484763499485176     
   7.8530432258797243     
   3.3890894845180437     
   6.3234260975310681     
   9.7128505958852802     
   2.4957501414494523     
   1.4251925732165369     
   5.3660874709840680     
   2.6603097683564685     
   2.7988804385254613     
   3.8463003497658819     
   2.8823021642725908     
   4.6578831072831592     
   9.8007123559710418     
   2.0483489775873078     
   4.3135514297522670     
   7.8376257704054551     
   1.2132195428450743     
   4.0510078619310068     
   2.7468504392468596     
   2.9200211726495784     
   1.1288970243789185     
   2.3409125201157597     
   4.0658970388454403     
   8.8627578152576909     
   1.3979384465500782     
   1.1397386002025873     
   4.8521097605709880     
   6.6804278589132435     
   3.3822419467667340     
   4.3483496894840803     
   7.8814307314856986     
   1.8124977130190305     
   1.9222430080029254     
   6.0947981567963021     
   2.9579773293691174     
   1.2612592311734392     
  0.99079972650213366     
   2.7991681449089576     
   4.2113261269923230     
   2.7649551429971533     
   1.3998305313375590     
   3.3044411173992758     
   2.8603567783412180     
   3.0297603364766021     
   2.3942901854855210     
   1.7291717895086847     
   11.475845588305823     
   4.9111122924733710     
   5.9939465469027162     
   6.2547564576339436     
   3.0344906621469820     
   9.5901738910140537     
   2.8343972201629808     
   7.9432428982975773     
   5.2889803670406419     
   4.7985543793335275     
   3.0588949511083756     
   8.4428691049615736     
   4.2505009441711463     
   4.9500103499654271     
   17.566333053260038     
   7.1983789940385412     
   2.9746835186033662     
   15.654743652086848     
   2.1763108064086287     
   2.3284935166975260     
   7.5741961230633139     
   4.7866122106864033     
   2.1133959994563201     
   5.5352950006405308     
   8.4402015728163278     
   9.8468171908159619     
   3.1565184434360529     
   6.2569423305565266     
   2.1988768230392557     
   7.5586906317959723     
   2.5441405092897549     
   6.0990060753777451     
   10.922676140429944     
  0.73869457116488968     
   2.6835283327415014     
   4.6364432142939656     
   1.9795304809628913     
   7.5043569643112447     
   5.3562785430425253     
   2.7208807667972419     
   4.6581347936999791     
   1.3027319267272650     
   7.0755705199590748     
   5.2844931257091341     
   4.2041762476909570     
   2.4794642568358878     
   8.0920613160076478     
   8.9189559139188130     
   1.3316286415383942     
   6.0164052298228743     
   7.7735612967479195     
   2.8897757418932408     
   2.6039858537374134     
   8.6790193500390718     
   1.0619677999998125     
   6.9614850874613117     
   3.2227720791676724     
   5.7626975456810365     
   8.9518806960936832     
   4.8642040790254057     
   6.5756895829082618     
   2.3006366347633942     
   3.8193026572662325     
   1.1624532363322591     
   4.3606945333993457     
   1.5744267458928707     
   4.8601809259577955     
   2.4649488853322339     
   12.380714765367069     
   2.1262136182856248     
   4.3903634848717443     
   5.9076207809447290     
   1.0705082570149247     
   4.1059196668835174     
   2.8574926873210762     
   7.5159892338319336     
   5.7495774041665895     
   4.7683168366724606     
   12.334350056984100     
   2.9533386120044294     
   1.8087681523009806     
   5.0231661053513879     
   4.7141613665194004     
   6.0782317212871160     
   1.5973767887098522     
   6.7736624836440171     
   11.537041701886084     
   2.6760983512733705     
   6.3648435158681691     
   1.3090302335651471     
   7.7172304176301010     
   1.2824983043578648     
   3.0268763894816533     
   3.4673144799540796     
   1.8443846093853724     
   6.6831276759733704     
   3.0476869801217279     
   4.1155138491752838     
   11.166491544141296     
   4.0543880899307014     
   4.2227316893831457     
   2.1495018122354645     
   2.6968326106604774     
   3.6604391219048225     
   9.3997149816134744     
   2.9557781938880301     
   10.887926903391129     
   4.6041666333635014     
   5.7658955116523378     
   7.3540836931819893     
   3.9942346057704863     
   2.2915125150783227     
   9.1921179791906713     
   2.1186944254959901     
   1.8985887873433935     
   2.8740875309696512     
   3.6116264708166019     
   9.3153992949327442     
   1.1288342491624965     
   2.9120962202832525     
   6.3356773605867591     
   7.9095230888094079     
   7.9511967069353515     
   3.3780457103295682     
   5.9197198495456167     
   3.2788158225194026     
   2.7949627362896079     
   2.5229387490015687     
   3.0205825732084852     
   7.9355557032459085     
   2.6793163826840511     
   3.4149864911134094     
   2.4527093172482330     
   1.5342108974662161     
   3.2641115920162518     
   9.4705204322508134     
   5.1918189160124788     
   4.8562418525254349     
   3.7748386444052366     
   6.7497445268427585     
   1.2469339490737901     
   5.2846426079718318     
   4.2960102532603610     
   1.8513463319269468     
   2.6957493622264646     
   6.4459940145987220     
   7.2450265152690605     
   2.3189047030537733     
   4.6259536661925100     
   3.4777398932768451     
   7.4045489242926443     
   2.3410619218094677     
   10.489197415050395     
   2.5944663559066212     
   1.0954738710506218     
   2.3058831569958831     
   3.2420271836723300     
   3.6524636670516846     
   6.4864799748168842     
   10.883054367782817     
   2.2747849876105870     
   10.241324710129993     
   1.8828949821129277     
   3.1246915596474563     
   3.2312145028488999     
   3.5480586076713276     
   4.5475964906682194     
   12.991282418020921     
   5.6096566691161165     
   2.1134241685058872     
   4.0127323526179683     
   3.9630739330232871     
   2.6920392076465607     
   1.7245769573597154     
   7.0690651240934734     
   1.2738098961838213     
   3.7913855810481327     
   5.6519595122036028     
   1.5680661003639373     
   1.1254276434934711     
   2.9920770939728145     
   3.3948211534734107     
   7.7595192393940327     
   4.0577006506536586     
   3.0992557022805531     
   2.0150021957887434     
   2.0676469830147819     
   3.5593118156010259     
   4.6523322536866996     
   6.1229022621686173     
   2.6376954424218830     
   3.2080339554642938     
   4.4588155264104001     
   2.0706438279667130     
   7.5800618450773696     
   2.6617186635802548     
   1.0216316434966812     
   20.000000000000000     
   4.4768969938418346     
   2.6604886206951424     
   4.3854639036331093     
   2.0571905407820683     
   7.9864070467942199     
   1.4545285059358857     
   3.0124444672443076     
   8.2225869400087035     
   10.093018712944636     
   1.2706072444923120     
   3.4154786874870653     
   2.1232520178779315     
   4.3187536256924606     
   2.6869522551823990     
   6.3856535139029083     
   3.3831587496080808     
   12.204320447795144     
   5.2230385892559372     
   4.4745144617321859     
   3.4916696901178517     
   4.4149955463445636     
   9.2524336472237749     
   7.0539416397977313     
   4.2155625391301399     
   4.7745500116772392     
   6.5042008238907423     
   5.7384203446948243     
   13.375360627079774     
   1.3227674957702398     
   10.279916065979883     
   2.3420357683410291     
   2.7671431824476125     
   1.4481438318460569     
   6.8646067893895273     
   6.9800829547021781     
   2.9225191375473094     
   5.7001818017307082     
   2.9403644143052694     
   5.1546475020067435     
   2.1062233557075531     
   9.9759330561195405     
   4.2964799132343439     
   1.9520712290041973     
   6.4773966846125264     
   10.456178664531814     
   1.4622984526358698     
   1.6577052666163701     
   5.4726405719716054     
   2.3225080379443517     
   3.3565331402967997     
   3.5812374620240961     
   5.5707135262390599     
   3.0520851587371163     
   7.9500778067303397     
   3.6247010722555801     
   8.6737767483112549     
   13.401077963881892     
   9.9599342227694585     
   8.7188253419556450     
   6.7258994200569662     
   8.6568897673491598     
   5.6741179857733188     
   4.9492222632892693     
   4.1068318749977122     
   6.8492024100201974     
   5.0403845544059278     
   2.4715700491417696     
   4.6477614111356376     
   2.7667917706852405     
   3.4410914758229807     
   8.4660814665499746     
   4.5040060086715741     
   3.0005265678298505     
   3.1054820031235955     
   2.9238208942332347     
   2.8092367617458391     
   7.6795994460663346     
   8.2135323820665391     
   5.9940846456660166     
   6.0917627542558179     
   2.2271235986528373     
   2.6176551968005763     
   1.3399899852452462     
   1.9847149107329494     
   5.4434888589576280     
   1.9504638411937250     
   2.8974788212748552     
   2.2175843977692540     
   6.8236725025053744     
   3.3801905708615729     
   3.5956827905413622     
   6.3854103250951981     
   2.0163845255364468     
   12.195066270111552     
   1.4803744572997408     
   10.686052794354245     
   5.2219234521514570     
   3.9322625845363630     
   6.6547882040101083     
   4.5400967476667349     
   3.5766996080558999     
   1.7375912072709596     
   4.9182952925155927     
   3.1387276983396055     
   6.2760221085257548     
   1.8334359615701219     
   11.465198634104613     
   1.1861274903094488     
   2.0878673936868832     
   2.3677748365224045     
   5.4937860692804552     
   1.9507117390199771     
   3.7058743926290187     
   9.2809307117555200     
   1.7092983356100326     
   2.5353992991589482     
   2.8704668736824503     
   4.6354082695033467     
   5.1627118983557496     
   13.630457319939444     
   1.2217747696895735     
   3.2809118736456928     
   1.6733025034381879     
   2.5454202511653414     
   2.4753862649323599     
   4.3512823014356998     
   6.6788923954296280     
   6.0441665671649156     
   8.6465902779381523     
   3.4223275990793058     
   4.6680183225889538     
   14.908191019150275     
   20.000000000000000     
   2.5794968314802937     
   1.5830186678422984     
   3.7387176167781693     
   4.8839032728486629     
   8.7864459485062767     
   12.373571794981677     
   8.6633029057766375     
   1.2732377370069252     
   2.3633940941130227     
   3.0388425450506871     
   2.7114241097067042     
   4.2635890387091200     
   1.6698640327099783     
   3.8167988327553068     
  0.60852863986016792     
   2.7916284906720352     
   3.8715075849428944     
   13.962312040102146     
   11.419675799494884     
   10.851597291463664     
   9.7510558674203196     
   2.8102291640028025     
   3.9894565364642403     
   2.2961940572744242     
   4.6217609673021522     
   2.4748259096008134     
   11.537802455004773     
   5.2421240696447642     
   12.217467409603124     
   3.6163084989058052     
   6.0572821559946881     
   2.2123892295857996     
   1.0812986826965103     
   10.238471267597264     
   2.2125959408306097     
   7.3177712579048189     
   10.440971214218942     
   9.4405907549971726     
   2.2773164432601605     
   19.706234394527655     
   1.7100760999615345     
   5.6565102286942768     
   11.389766745885749     
   5.3458899416033061     
   1.0220865999654558     
   2.6083359214031985     
   6.3429291100184049     
   6.0918232860240709     
   1.1224818448636977     
   1.7237291546638855     
   1.6200484349743403     
   2.0293207726827460     
   2.2065041450536884     
   1.3106652165918056     
   6.4338186205939571     
   1.5625323580403028     
   5.5807378866704127     
   4.3357688652597899     
   2.7483027409537364     
   7.2485110193156750     
   9.3261921668729446     
   3.7268011438042068     
   3.5782465609863694     
   3.5413993452344688     
   2.4658457760323484     
   2.8791373222597025     
   1.6598028935882518     
   3.0378663648486639     
   5.7505011741136016     
   9.5064827611998695     
   15.743730267046073     
   7.7270579086436024     
   5.1665898956479879     
   3.6346391995166760     
   2.0445652011309270     
   8.4917249866600955     
   2.4814905676851202     
   10.723548230712288     
   11.035934568301183     
   1.6643269526560067     
   5.4016086934880576     
   2.6196712453605664     
   4.4953763281210888     
   6.1869617335945541     
   5.9016021240185692     
   6.8308962188537024     
   1.5338640315690455     
   7.2043770426961187     
   10.809247383710101     
   4.6728351594586872     
   4.0551692511185129     
   2.1554467500024521     
   5.0550516469777991     
   5.5361071036669012     
   16.961224470017367     
   2.5764403056938212     
   1.3423618193620628     
   6.2875782242196161     
   12.561109842608861     
   13.448499214413818     
   1.9955281306432986     
   4.7800372932371182     
   8.7812100470283863     
   1.5509582363499497     
   1.8606795526308515     
   11.401534489872992     
   8.2983180494119857     
   8.5792673210599766     
   1.5087254649337083     
   3.6673639419472970     
   3.4154160005517129     
   5.1133819466812351     
   7.2873334415711675     
   3.1490945217004311     
   14.936039599633276     
   2.3193633934482758     
   1.3416226466803258     
   4.6816869026028183     
   2.7845390786579594     
   1.1545430553241101     
   11.159935754331906     
   5.4402074441144741     
   6.4559668846837015     
   4.5353595334649981     
   5.1587035275960558     
   6.8275053056667581     
   3.3330978158513136     
   2.2195626973126563     
   3.6323272777630273     
   8.2723773877691347     
   5.4901147229604774     
   1.8119936336809290     
   5.5035352749342632     
   1.7179969828659793     
   3.8288163975349150     
   2.9687759746099012     
   7.7205407189396489     
   1.5270235321729646     
   4.2204032229268247     
   3.6343077313670662     
   3.8782009805158588     
   2.9170044613138502     
   2.5482040050805224     
   13.301169215638748     
   3.5718851719179110     
   2.5225197792186083     
   9.6604661499829056     
   6.9043932649378759     
   7.7729191494820045     
   11.816553250929067     
   4.0605803997381695     
   2.3993924663344752     
   4.1605069861029822     
   2.1848633913496864     
   2.1088660310637830     
   11.394084920925680     
   2.1188437858624534     
   4.3079183826356084     
   10.049444033575147     
   3.7078163436820359     
   5.8446170817511467     
   3.0141732064975728     
   2.6474282113405332     
   4.3463541872987381     
   5.8339704488444672     
   9.1654501229726115     
   3.2241034588182065     
   3.7530743149650219     
   6.7334070654225044     
   3.7438794330677578     
   7.7037526613808804     
   1.1103060600717589     
   7.1811749122934119     
   1.8216330730404833     
   11.889674805874051     
   2.2848287654231694     
   4.5895253191384748     
   3.7541434416690578     
   6.5791061314969452     
   8.7849144752876640     
   3.2963245076320469     
   6.9547702329771264     
   4.0410388118563434     
   3.9935149806858705     
   2.5125933877018012     
   3.1291184749401211     
   1.9239488559201725     
   8.3254491874381458     
   1.1683546005308367     
   5.5776645988245468     
   4.8621795744378389     
   6.4185402165932146     
   1.2698726591944074     
   2.7791126627646268     
   2.2674350697598844     
   8.4150710209552297     
   2.0179565830350144     
   3.0594055280848202     
   2.0655749715298324     
   10.859255156304563     
   9.6089904908734649     
   14.614670380914902     
   4.5883786245819529     
   4.5360989630809723     
   7.1943924789349403     
   4.3965273164147884     
   1.3754771625104594     
   7.0752451927652915     
   14.136929240410200     
   2.9276651536081730     
   1.0354509361455779     
   1.5659392338354456     
   9.2695633263312889     
   8.7654698621469525     
   1.9365234081235301     
   8.0338726423240221     
   8.0764324704391868     
   4.6522398834324568     
   3.5116614232197949     
   4.6076389449325195     
   6.0590085589369460     
   2.0228470007676558     
   6.9225962794026170     
   3.5236448480392233     
   3.6588903973313189     
   3.6671593448980229     
   4.9431109755387457     
   6.4029872422219354     
   11.109509877070343     
   2.2753190909800223     
   2.1381355215819537     
   10.317579982300288     
   7.4258743609959046     
   1.8922952087739067     
   4.1144744506224677     
   2.2036754318250718     
   7.1482870856111536     
   5.2569307412162400     
   2.2516992768108346     
   2.7034358845659714     
   4.9241385890442091     
   2.7745066861261138     
   4.4561172543125203     
   2.8013831656846864     
   2.6500120675005245     
   14.344668827184679     
   9.5883300450665701     
   2.1278026332454743     
   8.1998591847783828     
   4.7324928217495632     
   1.6708238318590234     
   3.9853514972912687     
   7.0574645984719124     
   3.4259394361849620     
   4.5733842408130299     
   8.5609736866241821     
   9.9502506889659212     
   1.8634906737516064     
   2.0550894202722207     
   5.3451598409990311     
   6.9946360807946437     
   7.7275373883801901     
   3.2053761659545121     
   3.3791354064099588     
   2.3099797562793603     
   3.6095328357245755     
   7.0566379642691572     
   3.5565096206838400     
   5.5296632629366904     
   6.6752774981602423     
   1.6612813456351858     
   9.7255516749070825     
   3.7002603618443377     
   3.3039022864968461     
   4.2936786299685794     
   4.8183735345535030     
   2.3421440533424014     
   11.133620066082235     
   2.8121957831152780     
   2.9188188713323524     
   4.7842829444210979     
   1.3179465746457286     
   5.1469687196004781     
   1.7408128875174480     
   7.2400579999502925     
   7.0087835112031840     
   9.0137463435404435     
   7.6042742071723408     
   5.7899975875542715     
   2.0473738666622801     
   4.0295134149616576     
   2.8396265863842167     
   6.0004658626565464     
   2.6011254220117994     
   2.5838946955177242     
   5.1712942843934018     
   1.9110425236837696     
   5.2960327672504581     
   4.6186425966805977     
   5.5385717429165462     
   3.3166576287348479     
   4.7728705752956362     
   3.6354782491202573     
   3.0079498072768707     
   6.9578704159276183     
   6.1387309568264641     
   3.6538139767762172     
   1.7515797700196629     
   17.795182944898436     
   7.4484817347294987     
   8.3979789386816908     
   3.8134043975920591     
   7.3823947682360558     
   6.5779736005199299     
   5.0992365162109854     
   6.7641544658428696     
   7.0151956496914467     
   1.4014681110219207     
   1.2731886531766292     
   1.6896340162488650     
   6.1314436888720305     
   1.1657163135793640     
   8.0429941327921792     
   2.1034370774164448     
   3.6495075002187281     
   1.1436519890124872     
   8.7141793167029267     
  0.99228095063606259     
   3.0591955539881019     
   6.4203337119140125     
   7.3714069000237936     
   9.3081677413399451     
   1.6531239094881482     
   4.1375633465790260     
   13.369331085761168     
   9.8867849336863998     
   2.2479359224933431     
   4.2458435086415145     
   4.0834952892380789     
   11.787428297135955     
   1.1645722096810192     
   4.1832524406506177     
   3.6318525138851419     
   5.6588679413815743     
   1.0816132348535514     
   6.9614570099405242     
   3.3712965363095044     
   2.7285919220168369     
   3.1953113739938233     
   11.485052637557466     
   4.2830119814302270     
   11.843255571856062     
   2.2206364960905560     
   5.6365545317228909     
   1.2170875242127472     
   2.5687216464116425     
   6.7849189990088696     
   2.6369714378316567     
   2.3553616963838850     
   4.8360168918962962     
   6.4838024956391322     
   8.8373440721664256     
   11.930575022538392     
   4.3272622578727109     
   1.9805508717194829     
   4.9512463753507445     
   7.7956318721286815     
   1.9383461214316431     
   4.9744836298222532     
   2.7226930783584256     
   2.2198923225317349     
   5.9404047217089397     
   3.2475724124501504     
   4.9890585329720647     
   9.0786876594951078     
   2.3392244745098174     
   1.3512760540819022     
   1.1888728093611804     
   1.6852005614780441     
   13.154211269955121     
   6.1802602435452236     
   6.0922708951135593     
   9.1230296471447048     
   5.4263498601284841     
   4.6365686252867828     
   7.3626750962410226     
   1.8864469421712222     
   10.680696841268890     
   2.5429608862915960     
   12.779634683559513     
   1.4526321464922938     
   1.4513131635299705     
   1.1442789962100846     
   2.6206211078589732     
   9.2169109470274897     
   3.8026492839435400     
   13.204586811711229     
   7.3467866756946103     
   4.7525409278450006     
   10.567439341005453     
   3.8579107663204595     
   1.9365643569916295     
   1.9035240386291548     
   6.0233041267649874     
   2.3786950750803193     
   3.9811294992515518     
   6.2612096252419365     
   10.674947790258488     
   3.3965861554844845     
   4.0189584845882429     
   5.4999794528374188     
   6.3234072264359851     
   8.3985565028618243     
   10.985828504656713     
   4.1965700983399055     
   7.2537219161958086     
   6.6912313464035051     
   5.5628921157732218     
   1.6553863362607317     
   1.9075062439272135     
   5.6796938221649427     
   5.6962081253909043     
   1.3226362015826321     
   11.641755863679828     
   2.6318965268290979     
   10.440784897494868     
   1.3478776660855016     
   2.9251844482812213     
   8.9377487892229421     
   11.704145026573022     
   1.8514863933096795     
   4.5792689618878395     
   5.5651039582271187     
   10.570532961426650     
   1.7954635845365978     
   7.1611583926395816     
   4.5599638302498162     
   3.6322894772821916     
   4.0296531479401718     
   2.7207661100550498     
   3.7579698966298625     
   14.784952559232769     
   3.3799702201892101     
   1.9432454879050709     
   6.1120852795895830     
   1.0830336263989855     
   1.1836876926935709     
   6.3689907523170168     
   11.703042894943243     
   4.8888092572993642     
   9.7395148120973598     
   4.8637655562830036     
   2.4945508796394060     
   5.0016261967767548     
   7.8505852993639289     
   9.4416346755423479     
   4.5182089780083787     
   3.0764930009035352     
   5.2921530558627934     
   5.4355810682260639     
   9.5549021341112645     
   2.1249455714490950     
   2.0302779081444706     
   2.1746425354595060     
   2.4009691528859243     
   2.7836342333570827     
   5.5907145213544220     
   1.3393850344674338     
   1.8127674604916690     
   3.2599730161142237     
   2.7705721859082697     
   11.033405386162991     
   2.8213737599205100     
   2.3974312135341185     
   2.9943435959704106     
   1.7279644027490395     
   2.1671156135752718     
   6.9264274478073364     
   2.2918927878632038     
   4.4967845395509141     
   6.2907402138172870     
   6.6245425201865675     
   8.2623739138958783     
   1.7730187262406705     
   8.3210599213777758     
   2.6340478822817053     
   4.1739775321815706     
   7.9587751270889662     
  0.99244675618464084     
   1.1053564532286650     
   16.795511635868955     
   2.8803486716508457     
   6.1411410233807446     
   1.1375033331545270     
   2.2163455481979613     
   1.9834717010828793     
   7.2413051443505951     
   7.9025486935307896     
   6.9903802470010392     
   2.6840372507096628     
   5.0808757687886237     
   3.1065375276766893     
   11.747606959497261     
   2.1963693553270311     
   7.7844826440066957     
   3.1207080202944066     
   2.6980333418982214     
   2.5942735865752353     
   7.9585994618281184     
   1.4532119583947130     
   1.9857117961572153     
   10.885266723450535     
   10.477762697417480     
   4.1490702672649711     
   2.9046650057131478     
   6.8937767972829684     
   1.2075305714740874     
  0.96098336569765874     
   2.4860746685895658     
   4.8121164455817604     
   1.6779420842161628     
   6.1535905168854921     
   2.5503157745472560     
   3.8352106711528764     
   3.4557593997155132     
   1.1663564342675197     
   1.8835779228659066     
   4.2881265859621882     
   1.6697266889031690     
   7.0638611712595925     
   9.9941385047783307     
   2.3853617870565542     
   1.3122932154877032     
   11.217167493421242     
   1.4886149622442852     
   1.5280795901533089     
   7.0100624861732985     
   4.2831116448186304     
   3.0270729620443069     
   1.5146825704887976     
   2.8394741743577994     
   11.334455337131695     
   1.0187135483717837     
   9.1219793778531084     
   2.5195467827085745     
  0.97676969259848612     
   5.3624931346367495     
   1.0109590536923618     
   5.9426950483282370     
   2.7371295386626824     
   1.9796102858566520     
   10.917154122285941     
   7.1601849260720636     
   9.7399577695317205     
   1.2302697254379513     
   4.7761958598131091     
   7.4494645719496191     
   9.4711041055850096     
   5.2040157098021735     
   6.9232072745245423     
   10.821764676221735     
   9.0830461441774073     
   2.3727869510128459     
   7.9068140117612620     
   2.8311339063804377     
   2.1133226591141190     
   2.9834944695793459     
   3.2273273219973890     
   4.4267549170971785     
   2.3306124632390723     
   1.3644291354599112     
   5.8325309265360383     
   5.7634372812274153     
   1.9883294654174541     
   3.8395934759877872     
   1.5186743433174164     
   11.854335865000612     
   3.1082401839619589     
   10.914514257846976     
   3.0326990471603246     
   2.6185373305774173     
   8.0944156397288687     
   11.510172945685589     
   2.3795971313937683     
   11.976825225371311     
   20.000000000000000     
   10.107197292778331     
   8.6830736212735751     
   3.7251536110326513     
   7.2012868806920141     
   4.3518784555391541     
   4.5528252854065832     
   8.0210566134211714     
   4.7666323142650748     
   7.6704893571938646     
   4.0495654230566771     
   3.8508962301217484     
   2.4942894870679453     
   6.7534845009180478     
   5.0726275780381780     
   1.8820285483783707     
   8.4033677411026151     
   7.5578795012218380     
   1.3933439469508437     
   1.6144672238849866     
   2.0032955686404974     
   2.6980136898255438     
   2.1220683470586903     
   8.8274481948277046     
   2.4006832268790590     
   3.5767075324380015     
   4.1723733449690901     
   12.542167155714358     
   2.5966740290743071     
   10.501893971876916     
   3.9763376084237074     
   5.0775249459295173     
   6.6731544661874258     
   1.0275803022639907     
   2.0978104246167941     
   1.0711744216725274     
   1.5352695696792946     
   4.4630181565804605     
   4.9883347195716716     
   1.5732157703784355     
   9.7564669949675924     
   5.7443894568603531     
   1.4773172647321078     
   8.5658607520361105     
   3.3385656890182958     
   3.1159823698853639     
   7.6296311761369386     
   2.5538702106112288     
   2.0241576197037041     
   3.3304411489558774     
   3.5109580158952158     
   4.8789995914900892     
   10.224723076247372     
   5.6295787488453852     
   2.1073263784401806     
   5.4890699139483283     
   9.1213560619936160     
   5.8821545300080187     
   1.6489060286760062     
   3.5608503067375628     
   1.2466883449171160     
   3.7442333523292071     
  0.72145915773000580     
   7.8578678091650644     
   7.7187051269025639     
   13.293831178778134     
   6.9532144565766494     
   1.7831310668626319     
   7.6723736121868065     
   9.7947894199671168     
   8.3124652057872321     
   2.3502504002799771     
   2.0521954880641102     
   11.178046467189114     
   2.2955380726004271     
   2.1795970521153327     
   5.2615709485459741     
   2.6486280670711904     
   1.4597718600456302     
   6.8102514232814926     
   3.0242191476808711     
   4.5537525411926714     
   5.5039798533939441     
   4.7084977345792991     
   7.5214611353127623     
   9.0454720683211463     
   1.8739461084704014     
   9.2053065697990419     
   4.5560465344604326     
   4.9470568634827092     
   2.8409641051845456     
   6.6150195026278693     
   4.2635363533708830     
   1.3392022130033807     
   1.7560731121827529     
   5.1949172287729173     
   5.9683137289899912     
   2.3486558269103801     
   2.7124382865209968     
   6.4848671652566861     
   7.7598376960216751     
   2.0647933392532534     
   3.0441382056057531     
   1.9089810861642380     
   6.1944531594361143     
   6.0320925821611509     
   4.1484472000942976     
   3.6122433153588185     
   2.1501726102646517     
   1.4067772350203163     
   3.4074116484927575     
   5.2607918182599311     
   5.3219800762702416     
   7.7363752567379924     
   7.9447463853626727     
   4.8682939752768810     
   6.0714047001816454     
   7.6154446621823446     
   10.861767497826909     
   1.4590404226605362     
   2.2637549843780658     
   5.0020656677049180     
   1.9205614699799449     
  0.94058243029490518     
   2.2253184503575736     
   9.6856873724938986     
   3.1082085815587712     
   6.9630065540802502     
   3.2617924119066934     
   6.8498203890387881     
   4.1161433482060392     
   4.2368101399579388     
   2.7820887801722272     
   1.6356494153124750     
   5.0139966123350348     
   5.4224844798766600     
   2.0832788973391168     
   8.1321766262097430     
   2.3303261822764818     
   9.4711965804395568     
   2.2547832407083401     
   1.8192293363721470     
   1.4670930658908385     
   6.1582797880396285     
   5.3008294492863319     
   1.7258881126237606     
   5.9331460736484614     
   16.122297909280029     
   7.7802942832210711     
   1.3566960792764235     
   3.1631453178630298     
   2.3399642218698915     
   2.7608292502636367     
   2.7189642812907540     
   5.2654139702618457     
   6.6454393606064626     
   5.6091934220035240     
   2.4969086596195127     
   2.5892058417182491     
   2.2108037059536065     
   2.9154096835268675     
   3.9164359591572686     
   11.237666185396275     
   5.9050082204460050     
   1.7445523754705945     
   9.2970137012751088     
   6.3930413140203610     
   2.8518407642403814     
   2.3510141657793659     
   2.9078041457330550     
   6.5854596788262407     
   1.8767525835459544     
   5.2939327231884521     
   4.3632200187285681     
   9.1902625360195476     
   1.2004114777905885     
   2.4394012098646196     
   4.3776981093216936     
   1.3443974283060007     
   1.4956038900896225     
   1.6026005495499995     
   12.225371973770137     
   1.0793935506038326     
   8.8143018908638400     
   5.6209585262200239     
   2.9754455417124404     
   9.0534735294175377     
   1.7781649950240888     
   1.7799112931348839     
   10.564113678882752     
   4.9578600925018952     
   3.6121110529711125     
   4.3280516490085832     
   2.0158499365958016     
   2.1990071004110634     
   3.2662605603392674     
   6.7077583033093475     
   6.6947267195806681     
   2.3844221623426569     
   5.5044221716138813     
   3.3599143623202292     
   5.7471408355479792     
   7.2522219597235438     
   3.7282084348339342     
   6.9940369017850923     
   7.8197079988362566     
   6.8476556422145585     
   1.8110520730858439     
   5.1077780142116769     
   20.000000000000000     
   1.9715899488498545     
   11.941270095297222     
   11.723987636500940     
   2.7710396212654609     
   1.9292591923793050     
   7.1461131864461818     
   4.0481338121686763     
   3.1362331089306417     
   2.3281586992817669     
   6.6858375605670810     
   9.5194132274440868     
   6.1060848795009477     
   1.0206289806907034     
   6.4584016600877883     
   1.3238430195785911     
   2.4107598848462866     
   5.8843803046407723     
   2.9838335647679561     
   4.5827577616108899     
   10.426338068182824     
   5.6480163264330399     
   3.3811662689606314     
   3.5565214511830550     
   9.3322026119994739     
   4.6805331523595850     
   7.3137701052076372     
   1.4209638711804089     
   10.296874514285737     
   2.7997834642024029     
   1.4433983333739959     
   9.5283779259051826     
   8.9904514816220331     
   1.5951183399225706     
   1.9226184763325564     
   5.3528771514384186     
   12.335242882330961     
   2.6440025124536217     
   5.5021364775879036     
   7.8321273480288793     
   15.523503718687589     
   9.7385282344277311     
   3.2483568646733048     
   6.5411333869977435     
   1.5723267538613146     
   7.2508780968751054     
   2.7052556512275414     
   10.607626567132497     
   4.0431550070390792     
   2.1388449875641187     
   10.157643092725042     
   5.4561936835833151     
   13.164166945342025     
   4.8352311593786013     
   8.5031529509626740     
   10.511711262451518     
   1.0235902972381250     
   4.0074073567732356     
   7.3168747531957941     
   5.9307192370092867     
   8.6664859070094025     
   4.3755476264430895     
   3.0067913424897470     
   8.3283005611128385     
   1.9238064939439858     
   4.2554747784861977     
   2.1541673226018392     
   3.4721034333835417     
   2.7345360261350948     
   5.8226618088250648     
   1.2785937293967584     
   13.823426672148278     
   6.2060204621878503     
   6.1024305852031269     
   2.7081269004891988     
   1.8286474789130078     
   5.4933535688940571     
   1.2103510869991516     
   1.0446792517460473     
   2.8707330284018027     
   5.8578896766326993     
   4.8882397035148522     
   5.4549834427254353     
   3.9838218006005754     
   8.3769431711463120     
   3.3576177738522643     
   5.7204609677846694     
   4.5171286654458047     
   6.3316268578202584     
   7.6828324858240036     
   9.4112156715947801     
   7.5883670244131922     
   6.0718787666269742     
   1.8609312837397118     
   2.0926664708778215     
   5.9355440687938597     
   2.7480892472921439     
   2.2511423457790305     
   8.3124267469120046     
   8.8916280302955233     
   3.9847026173618945     
   2.4462583858320488     
   6.1984183696906046     
   6.5984562800871860     
   7.9839707888625870     
   5.5388984421504448     
   1.5610592289214114     
   3.4135881454458730     
   1.0750528679764433     
   7.8168983181163796     
   1.0834011573806785     
   8.0889351659711384     
   6.9147702612535609     
   1.6730901790416632     
   7.3544980965462923     
   7.5102869601115385     
   14.207830067547118     
   5.9910530180350694     
   5.2817376639558447     
   10.285367741173109     
   4.7780083774414859     
   2.7006306337047263     
   1.2848490328637314     
   2.5840220233849842     
   8.2482999776562274     
   5.0175959540180726     
   2.4457714958562753     
   1.9033298479216230     
   5.0958476776429729     
   9.1321172130892982     
   4.1463399835046211     
   7.3570439114143600     
   5.0104855603611815     
   4.6673159550297134     
   2.1569415427188630     
   6.7062325776653822     
   2.1839216605915794     
   4.4207007355986594     
   6.2023720852623194     
   2.0146298400340599     
   7.7787848132874977     
   3.6837880528084903     
   3.1473045728047837     
   8.9642077909906650     
   2.0455360338062012     
   3.1847022255758399     
   1.2819070822517962     
   2.5311356148446484     
   1.9690346013305953     
   3.7539709491360789     
   17.162698321088222     
   10.253534761426504     
   2.2350825772113336     
   5.0488941641952243     
   12.876530031671189     
   5.9350473913006541     
   4.3586931888941178     
   4.7835871795156581     
   6.2865197113032059     
   3.0809818011376500     
   1.0705304663387936     
   3.1754339320478686     
   2.9593995738919321     
   7.4130133306501946     
   1.8929357902043242     
   4.0334521820382845     
   4.3219659069027845     
   2.5962541274183235     
   2.2653283564919153     
   4.5471956122547166     
   5.0527980103491350     
   11.459771536184219     
   5.1620336070052568     
   5.5551468477629120     
   5.8883286422328922     
   5.3137002345210629     
   6.4428674614979657     
   6.1004863485209384     
   6.3949185262561992     
   1.8460388543225197     
   6.7310148729214587     
   4.4980815238731244     
   2.4467536451838194     
   3.0343780197779724     
   9.4807873723076135     
   2.4424494431671726     
   1.8827708366660072     
   1.5835847669691849     
   2.1396526427758693     
   1.6120549632860319     
   12.799063537262558     
   6.9797586033531509     
   6.4574217865218335     
   5.8282861647538882     
   1.9814989549181974     
   2.1244934461435165     
   6.6428225488205292     
   8.8878356410358528     
   1.4715643418238156     
   5.6036457098741579     
   4.9491003323437539     
   4.9047557378562407     
   2.7322268051474174     
   2.0688203578874473     
   13.008855306241321     
   2.7184961442620654     
   2.9774323882020126     
   6.0514517769749432     
   1.9764515968444396     
   6.7388193562416285     
   4.2218649339905516     
   5.5702393143553239     
   3.7598741839205259     
   3.9310505606280395     
   1.3332373315623511     
   2.7944699103026704     
   4.1869394553698509     
   3.1551505649218790     
   5.3601093413567495     
   11.202833215092289     
   9.9502907219742003     
   1.3963082217157108     
   10.952704479750262     
   7.9414150291778451     
   2.9514336945743778     
   4.8988009422849395     
   1.3748257949201312     
   10.657927886097779     
   3.5301252416969859     
   8.5586082269325683     
   2.4578006699776793     
   2.7428715586840928     
   4.4052125910679623     
   5.2722611777186454     
   3.5194290915285138     
   3.1786158135456155     
   6.9436081886266958     
   3.0439672155124708     
   2.3939312267457500     
   4.7208614420608139     
   5.4207408618135728     
   1.6271562518995251     
   3.8747275074499816     
   5.2727281379116970     
   1.2682555343002828     
   1.4662847430323571     
   2.6406296996171323     
   9.7404351329742287     
   4.1903256850005386     
   3.2865876999342176     
   3.3813068373644222     
   7.0913032683809272     
   1.6452727590077869     
   4.3681507789542016     
   6.4021465780387805     
   1.7554946786910952     
   3.7278153827385894     
   1.7542624290245534     
   3.2089270255513855     
   4.5543340601924589     
   1.5625608354449370     
   1.7861108341505054     
   13.873696439289034     
   6.4356096895014980     
   6.9756658155005971     
   9.4150818092737456     
   6.1472546763773153     
   2.3339724880543282     
   3.2003885605284470     
   1.9052926417417306     
   4.8385691423262029     
   3.2712272289615081     
   6.0588838536132430     
   6.8973458503193266     
   2.1214735822312378     
   6.4611453138394461     
   5.0235972624076908     
   5.8871560690857443     
   6.2153431476616783     
   1.8779765773770030     
   5.3967515454431334     
   9.8808861009020106     
   1.4706391166384067     
   2.8300364373634590     
   10.241895951726219     
   5.8022757703583032     
   7.4943122131940356     
   3.3537813278476079     
   6.8980113277787511     
   8.1150260056811199     
   3.2623705978110560     
   3.9119589971988367     
   2.1258132030728687     
   2.1462358203981253     
   9.2475116441815253     
   5.8710037353602571     
   9.1795472055234200     
   3.1668296565391354     
   3.5943285295073477     
   7.8400616038513213     
   7.4942206321351730     
   2.2953591742233463     
   9.7395606754221546     
   1.6607462287116661     
   3.7650678587288482     
   2.5952932360950749     
   3.6077879080144011     
   3.0254040718356827     
   4.3845003903510857     
   1.0960023581106570     
   8.8400220919742445     
   4.0132209350682562     
   2.4591951063705859     
   7.0320876962195920     
   2.3240355317348076     
   2.8598789525327994     
   3.3559006660059918     
   2.7173156523846149     
   5.0051638823019315     
   6.2397823945563964     
   8.1981677508388735     
   2.5415369352501624     
   9.2011897269218270     
   2.6396973369830969     
   13.116852357195111     
   8.1469742328198809     
   5.3535180085486322     
   3.1947588574935941     
   6.5897573238527869     
   3.7406324446833978     
   1.5069045267340775     
   7.0102653829828281     
   8.7087642091646824     
   7.5435934003631839     
   2.2489107499908796     
   12.386555299625099     
   2.1744274557731611     
   6.4201690072889930     
   9.4466813271273278     
   4.6269732603990006     
   1.5183570571231406     
   6.5708600764381835     
   9.4813874155976698     
   8.8841071319589080     
   2.2344857489733037     
   2.8501555965021961     
   2.8178362004321964     
   13.307413287012741     
   3.2554328735921243     
   2.6009623598161076     
   11.492323922024534     
   6.0931174197061875     
   3.0686937503521818     
   4.7493215704587417     
   4.7644015220450058     
   3.5837482195708596     
   5.2893563829151917     
   4.1153902123820272     
   2.3211147250459163     
   13.419776145611703     
   1.3534716338374997     
   2.4882349323217667     
  0.91057337282333273     
   3.1967729688529705     
   3.1700035845433061     
   2.6095915054236309     
   8.3627539431209694     
   4.5393560040349223     
   1.0513041482410312     
   7.6498961135677872     
   1.7705716794157953     
   14.730963619113218     
   1.2949934955477671     
   7.3640499687288852     
   6.5913260337674613     
   8.0612554012262656     
   6.9306145104601455     
   9.0413510003995992     
   2.3939851003406845     
   1.8204906739595925     
   3.6448193697217373     
   1.6917014229615916     
   3.4517982791760398     
   8.1673333265334147     
   5.9026510434653048     
   9.0900375448606177     
   1.6134871697786817     
   8.0175697874854670     
   6.8423901361981363     
   1.9751308013717352     
   3.4376337577355307     
   13.009249444720799     
   2.0067475751803308     
   9.9384614533568190     
   5.0885081151480689     
   4.1145272962389878     
   5.8507487603160895     
   3.3483847650419007     
   6.6086550383792177     
   4.3637791139412787     
   4.6797431969635852     
   2.0258062729546698     
   2.0854669328140858     
   1.7892300293985157     
   1.8830212249808389     
   6.3744008042487774     
   10.015416207526812     
   1.5821300983967452     
   5.6656308376475799     
   9.4749215175731862     
   1.3733332340836724     
   10.377937742909991     
   1.3603235334422650     
   2.8096686534291071     
   4.2058372801249515     
   1.9513644351220687     
   8.8422174648832588     
   3.1065961337357546     
   11.103043573288804     
   1.8330564313180151     
   5.8796939066628298     
   7.3282164726504391     
   4.9541056710752231     
   8.2114115824308929     
   1.5516897807109737     
   1.5710040476920339     
   2.9828109741063664     
   1.9047458813682967     
   2.6649101884389701     
   1.5349199761044274     
   6.3017859454539149     
   8.8954468626220162     
   4.2894983562773410     
   1.5769831772617755     
   3.4457195147134230     
   3.9945529408336236     
   4.3500170587698301     
   8.2917731322777488     
   4.4403771844487423     
   3.5122707391275640     
   2.8699837780366337     
   8.1628784485968531     
   4.3634249830997227     
   2.5016509123486599     
   12.679250656303926     
   7.3037259072238143     
   1.1088172210167004     
   2.8184959853967917     
   13.222921496647885     
   4.0050375909083611     
   4.2008254088516397     
   11.183365817833938     
   5.7047381440183358     
   12.165562196282727     
   4.8265477517552107     
   1.2933103011810674     
   2.6503905179620024     
   4.9346001741256842     
   3.9764347025159830     
   3.9614600902923400     
   2.7162372657683909     
   1.8289276381371016     
   5.6442769544716160     
   2.5747917932115367     
   4.9462527122873627     
   1.6997706341405989     
   4.1210271529516938     
   1.5387424328950359     
   6.8911823087776281     
   5.1689151410634748     
   9.1366207887627819     
   3.9004686339568688     
   3.0045483813304519     
   6.5212614960777069     
   11.346113222581240     
   5.6650398938599142     
   9.2130602218400828     
   9.3759759071316751     
   6.9084373467811879     
   7.3568511818607050     
   2.1481801378297840     
   4.2959214526498348     
   7.1876109570796247     
   1.6215293488000091     
   2.8738111307890581     
   2.2298964645318882     
   8.9134204646864621     
   8.2222179505169031     
   1.9485246885313348     
   8.4056967841428083     
   2.1763959207665238     
   4.4359145930975332     
   1.2871774158967821     
   1.5809404177267876     
   13.574734843186294     
   4.6710718123158470     
   1.7942047427021115     
   2.1917273477634662     
   5.6417372086547060     
   1.6323833094646769     
   8.9046982781997492     
   1.3290977915193452     
   10.978133721926092     
   6.9515459151599881     
   1.0105458364889495     
   2.7077495969621381     
   3.6847647245268655     
   6.6846528363625701     
   6.4339535562909136     
   3.9216502453479385     
   6.7958723551295686     
   5.1728225433507129     
   3.7584942718283347     
   3.0608025585357446     
   3.9531993436685529     
   2.4115739333573605     
   1.8368683138547677     
   6.4474073547759367     
   3.6982684397549015     
   2.4584312742645440     
   3.8987455031499074     
   1.1965059522247863     
   5.6914038654936219     
   5.8265186231067334     
   2.2457498444945414     
   5.0104609091436627     
   8.3829736248484572     
   1.8604855534806637     
   7.6721696467284728     
   1.6347752457483804     
   2.8484145759546404     
   2.0820942626259145     
   4.7335226488545530     
   1.4560702141840469     
   8.6496919130736618     
   3.0612589238328889     
   4.9314955167174963     
   2.0939920016231093     
   5.3185022618574722     
   6.7965540028000051     
   2.9254135182335887     
   2.3315939204531144     
   7.1482371067691490     
   3.1468182294058247     
   3.4092481887956683     
   3.0362012339792592     
   9.2883254331047240     
   2.4408840304340531     
   1.5749387914014628     
   3.8316373737018692     
   2.3807419891543873     
   2.3239041744999058     
   2.2107917302805431     
   9.3931122333403643     
   3.1080303047253208     
   3.4202290039576364     
   2.3561153259832626     
   4.1774204080250890     
   7.5917863579272993     
   5.1145274752641470     
   1.9288520394839967     
   2.6365984409720085     
   2.9240266056655080     
   2.9000631121274001     
   2.6941729633267819     
   1.5453224732022266     
   2.3743210082279544     
   7.8827213969310952     
   4.8158119010964899     
   1.4813356279337770     
   5.2750095312799168     
   2.2970791339545689     
   1.9449441810544470     
   6.6250683781592539     
   2.4317382960938776     
   11.367232716966326     
   3.4772354469377866     
   2.5890711425116497     
   6.6164860580632388     
   8.1839415102978226     
   8.2740607493353888     
   2.3964667714091448     
   8.9828573640636655     
   2.7399382689586567     
   2.4559246569427495     
   6.8377708409341773     
   6.8121975440123688     
   2.4613891704097379     
   6.8612117418667680     
   2.7014275012720739     
   2.0687598305165431     
   1.2793008472249898     
   10.908627168993183     
   2.3615437280678444     
   5.8625953673776063     
   2.0651469246870353     
   2.0698925037599105     
   3.5237470410843938     
   3.0320249080779504     
   4.3602414539363838     
   7.8706272073686909     
   8.9252056343127162     
   10.110211594159951     
   7.1698648824108657     
   1.1571337993943882     
   4.6166523307475389     
   1.7583214565120442     
   1.5643401157312165     
   1.5464143075106769     
   11.864513235137167     
   5.3885794162140339     
   4.9001382263647901     
   9.1081760201626327     
   7.8016700895130207     
   12.308188581009896     
   3.0898521732796844     
   6.1979129915953228     
   6.9023541976886884     
   5.1661705532867153     
   1.6262415031341464     
   1.7313456999253909     
   1.2634560032253495     
   1.6853092450048619     
   3.5041277857666189     
   6.4510116686345444     
   3.1896734580741564     
   9.9846459118241313     
   9.1407753118360855     
   2.1373390891859572     
   6.8901861802519404     
   4.0611897887646471     
   2.8372850651750254     
   2.5702151157895208     
   1.0705883025833867     
   2.2100910611391207     
   5.0311943315061995     
   2.2764467559109889     
   3.1651624008913055     
   10.706226157492161     
   2.0468626067812972     
   1.8505415898883291     
   2.7171076060950834     
   2.8044895611848397     
   10.491231646017376     
   3.4756820278077170     
   2.7114708221729384     
   3.0856706188223759     
   4.8075192204136714     
   1.3994594291410132     
   4.7642217671035239     
   2.4834268334640610     
   3.2607132712184979     
   2.1912792215656269     
   1.7882021860320134     
   4.7704316939149880     
   1.4082846264105744     
   10.762269021332822     
   1.8891961632080354     
   3.4257932230410266     
   2.2250990837425220     
   5.0840777451656214     
   10.034387304188829     
   8.6931317143919280     
   4.9445776044656249     
   9.6457602185576512     
   1.5092029123287514     
   5.0189987636728999     
   5.1911850672794335     
   2.7772271374783282     
   4.4293399388352670     
   1.7512629097774508     
   14.591928514105659     
   1.8769340492517217     
   3.2644011019287964     
   11.047970767533329     
   4.8769046947038461     
   4.2292588308480195     
   1.6232356347032182     
   6.8570833507752535     
   5.8625208662675439     
   7.0679216473327191     
   1.9121283575877703     
   1.6062850496112464     
   12.861273770138968     
   4.5803910325032300     
   2.4492381157911125     
   2.7860688077849090     
   2.3178589357126387     
   4.5238612666064189     
   5.9884349585121095     
   2.5336584511763287     
   5.6865855268883507     
   4.4516037109140729     
   1.5152768017980254     
   7.7528085873083930     
   2.6971315632544477     
   2.1225387950078560     
   9.6199207666466275     
   2.2454350791056306     
   2.5727046254883388     
   1.5447927334252638     
   2.1437605700648876     
   2.4863254659150731     
   1.2862529176333943     
   1.5380623979433810     
   5.5705212161296069     
   2.5905137266381346     
  0.96713441084778462     
   8.4529627574276631     
   2.4223071371380347     
   12.269552020322736     
   1.8423962254303368     
   4.8972450531358476     
   14.008276689263292     
   2.0518508096248844     
   6.2380571052662424     
   7.8399080474319938     
   2.1299804057235816     
   5.5590945613372602     
   3.0663300101124475     
   2.2679366373634449     
   4.4457275304371251     
   2.3294408914393778     
   13.677184623503431     
   4.3417147005474774     
   1.6168743241098349     
   3.5291085423092015     
   4.6084960019813543     
   5.9858907915133814     
   3.2385721250375408     
   7.1598011843860414     
   1.8652575822561288     
   2.4652624859573256     
   8.2931119044820107     
   3.6328827208745498     
   5.1889412794668806     
   6.1664329801179312     
   2.7919970517022676     
   4.3218640769299466     
   5.9814708363521838     
   3.1820253652815023     
   4.9819311913234294     
   2.1186275308478817     
   1.2485779890712494     
   2.6813283943121715     
   7.2623983130740006     
   5.8939272392437889     
   2.2564280719458694     
   3.4674553890371911     
   1.3302012826063734     
   2.3098978971935646     
   2.3723301193296691     
   2.6692581703900986     
   1.7045042756120263     
   7.6756861476299409     
   1.9462359367463005     
   1.6270837342698652     
   1.2571474123452275     
   3.9260978349045619     
   1.7118817158439454     
   2.0918932766504192     
   4.1708939451418550     
   2.9002687450234435     
   6.5573090903079203     
   2.2654765754244965     
   6.4825018176617384     
   5.3191451358391326     
   2.8449720983274460     
   2.1813745825210638     
   4.6977491743516300     
   11.017743072745979     
   1.6083109874648798     
   2.7800484782971195     
   3.3274579331411811     
   12.134562293840892     
   1.8029522812166063     
   2.1123976041641366     
   5.9808065358786893     
   2.1412686671555154     
   2.6612973318032700     
   1.8763397246951139     
   1.3807829684715800     
   2.8600239157617788     
   3.1688322002157481     
   6.3721595309375649     
   2.0930419064520134     
   6.6894156999765064     
   3.2823261681369447     
   1.8898788699717330     
   2.3616444739279614     
   2.2031597294350895     
   3.0766106263180655     
   6.5740599914154583     
   1.7047992522400943     
   7.3011749752690678     
   4.8331672076168850     
   8.1049605428860048     
   1.4825646688870497     
   3.9340117247664033     
   2.1157549233269419     
   5.0255637324759901     
   1.3540603914224367     
   8.2253944961918464     
   3.2654775485045615     
   11.744932363904850     
   2.6891880669635264     
   4.7601006457996924     
   1.8998511515835692     
   3.4824386748382525     
   7.3300734533253475     
   10.673255278160312     
   11.947223687437694     
   2.7138401225223130     
   2.9016846880903508     
   7.3282068050699598     
   5.2438975936467598     
   7.5246879516016270     
   9.7161236488129532     
   4.0207066198607961     
   4.3541318000951437     
   13.570940240548186     
   15.286928672752726     
   8.8405908947339888     
   3.2288676004998069     
   1.6162069494937157     
   7.1990340519802025     
   6.6668622867186089     
   3.1771903879128502     
   7.0847200827498762     
   3.9646094118529542     
   4.4047107986985514     
   7.1542451522692776     
   4.1649772712126749     
   8.1568819826983034     
   11.482931706768358     
   4.2733141680251086     
   7.8888155895191003     
   9.2240867744073931     
   9.0532111372699422     
   5.1183417564435416     
   4.9036994573457511     
   1.9845669417932890     
   1.1527365429059466     
   1.1816395090536609     
   2.0068769670675302     
   5.3042126077401237     
   4.5336993622561002     
   1.2146078605446964     
   2.7564302053309433     
   6.9646114806705715     
   1.2159347192428780     
   3.0399967202353180     
   6.0138467559350932     
   8.1182963342284200     
   1.7715897710807875     
  0.21198900695012821     
   4.6875659535283791     
   2.6416138784794621     
   1.9599833815137961     
   4.3933508658467888     
   1.5047079765620870     
   6.9256983728904196     
   5.2698964891614342     
   1.9461532642190513     
   11.395572876124325     
  0.82752154771585673     
   2.4662767371611212     
   3.4359565380326336     
   4.1057507566070424     
   2.8672354624136069     
   5.1153592101542049     
   4.1424844596259840     
   1.8013497180906690     
   2.0774588811629959     
   3.0451444157553227     
   4.7690426133490833     
   10.457567984778482     
   5.7395215111201292     
   5.6246090331415077     
   2.3547694758770157     
   3.0606455489786435     
   4.1714320723261240     
   2.5503068171553314     
   1.8389394331057434     
   8.9722089789598147     
   2.9286362280295153     
   2.6742112756173282     
   6.5431670792304821     
   3.1316523670425616     
   3.7938719768155686     
   1.2053120393034320     
   1.9132250466022880     
   1.9463122421226895     
   4.4536735585448906     
   3.4184451581788222     
   6.1332641736196258     
   2.2476055586275874     
   2.2029535613059688     
   3.8027007936064998     
   3.0966240473427362     
   3.1699983766420106     
   3.1279858068268407     
   1.7717969524808770     
   2.2309002365744166     
   8.7778643851872999     
   1.4395613602476227     
   4.4439398142998678     
   20.000000000000000     
   5.7603777647971892     
   3.9967883265135455     
   2.6978222435919088     
   1.9878177106295751     
   4.2695005959951375     
   2.0108856577238834     
   3.0664289465110115     
   3.2511883962788604     
   9.8690690469451088     
   1.7429804437505170     
   14.848059296549849     
   2.8388875320809404     
   2.8051067888256620     
   5.1200114774245389     
   1.4277228810408522     
   1.4618211321281918     
   1.8529354871615624     
   1.1104370930669170     
   10.616094133819582     
   2.5463223575152263     
   5.0806909726826071     
   2.8791973342525377     
   2.9336132225582627     
   3.6283292118586838     
   5.2967144587082320     
   1.4335782442447924     
   6.7552159392535778     
   1.8874262473604884     
   6.1400105763662669     
   4.5714732354658407     
   5.7176509114554870     
   10.362742733924861     
   3.0845241213924766     
   3.1248114646209966     
   1.2564189247519011     
   4.4969547094305211     
   2.8647732218403172     
   3.1818947599328866     
   1.9482736847657964     
   4.6290432328331255     
   4.1535041530789698     
   2.2330391555775240     
   7.1038061114242135     
   2.5167384730594438     
   7.8555005539828642     
   1.8540182770867690     
   4.7341454459017358     
   2.4928751984557960     
   4.3465451922827691     
   5.3235826654322729     
   3.1794450637726293     
   1.6456578535310635     
   5.2530461575264198     
   1.9111519141861719     
   10.026252806219366     
   1.6805592122689932     
   5.3972062515819745     
   5.4390509877232596     
   1.6732549725840706     
   7.4714435536823016     
   7.7816991268924740     
   2.0768511909055558     
   7.0689755787181419     
   1.3254290204981547     
   6.0587292591476531     
   9.0400871976147137     
   2.4352733369012305     
   2.0659319237478662     
   4.5286471347354826     
   6.0944775925980030     
   4.9257100588140794     
   8.0149772819147298     
   19.636251769199280     
   5.7984697235762521     
   5.5065885197876696     
   1.8273293554226346     
   2.9637275045774243     
   8.3905923919557139     
   3.5130708362897698     
   2.5846903296850035     
   2.9539184372705223     
   2.0427948428526581     
   3.2877460557368368     
   8.5744222505644707     
   4.9258531636327438     
   7.7439857611792542     
   1.8560420503328348     
   4.4404143010820425     
   2.3051764392950820     
   2.3092460425929127     
   1.2699269256184025     
   6.3830206276431261     
   7.0214267209216814     
   2.0194587127352648     
   3.8215100637301611     
   1.0971659050157130     
   9.1115281603902964     
   4.3801010325647773     
   6.3638906724127038     
   4.4724863032992586     
   1.3619256606006507     
   3.1194697353860206     
   4.2844207624378674     
   1.2155834877292353     
   8.7342968336990854     
   2.1379410718320400     
   5.1320877876117423     
   7.9986931662084402     
   1.3991745412848366     
   8.2822259114862717     
   3.2698769407396919     
   4.0825955765341106     
   17.138251807434752     
   5.3553139828121115     
   5.3638252455345770     
   1.7612811520042853     
   3.6579894249904532     
   2.1847179739923086     
   3.6990862156697317     
   3.0772394967250607     
   2.4018257406346177     
   2.1489495851999640     
   2.4267207061975555     
   7.7048058952821501     
   4.2418478928128831     
   1.0566450683639006     
   2.0221245151743545     
   3.7683234515608515     
   5.0882401181444958     
   7.0669289849869115     
   2.6839542107884791     
   2.6802597520641380     
   11.485715315040714     
   2.5059448080281532     
   7.2488100764909786     
  0.79206986957940351     
   3.0841840865407502     
   8.2087989008274214     
   2.9615762127571412     
   2.8663008573401534     
   2.8905896588473388     
   1.3117301442173255     
   3.5310073549087111     
   8.9801395512918489     
   2.6618498868740303     
   4.8662832014280486     
   11.965409192716168     
   18.222419530114461     
   4.5509830610013458     
   3.8903501731069228     
   6.0599779214159755     
   4.6033363765769524     
   2.4739383571282945     
   3.9823240497463144     
   4.4604446822811745     
   2.8209321735385604     
   5.5930555094362466     
   6.5330094053401542     
   3.1558698547714776     
   1.4782660387034567     
   4.0485324517573185     
   1.3617145048919237     
   2.5967531565619368     
   5.8474452254854592     
   13.174770118635532     
  0.72832627079547052     
   5.6411329737812936     
   3.9528316135056412     
   6.0567775064205902     
   2.9676514105595779     
   4.5769411148785943     
   9.9334544689557234     
   1.1305424277536151     
   8.3224613627846349     
   5.8812529356941239     
   4.9155222951449344     
   3.7340673460615195     
   7.4129012007469868     
   6.7956373521091615     
   1.7343387490711313     
   1.6849933488465427     
   1.7699541451715826     
   11.215223214898529     
   8.2170115369133843     
   1.6671744634541898     
   2.6725095482496246     
   4.1325534619851299     
   7.6618881985887333     
   1.8511053053415867     
   6.6115994971198386     
   6.0503291212153245     
   6.7719449704760395     
   5.3858571669920705     
   2.9820495229471788     
   8.5310205363462757     
   2.0689996809167233     
   3.7873757215517356     
   10.126348548367380     
   1.4061101786387593     
  0.90365838453592517     
   6.5627111119745560     
   20.000000000000000     
   3.0039962890977074     
   4.1719057248040556     
   2.4926496043905084     
   4.9922897280260488     
   6.3979432993892758     
   6.3458633822127499     
   5.4437677144946566     
   3.1451023908861000     
   2.3366770188127131     
   3.9156644667669949     
   1.3949844029955119     
   5.3944656762139438     
   1.9555280661214363     
   2.7909785159847456     
   1.9422199754496474     
   2.7063911980876272     
   13.473835746443187     
   2.5709309706706636     
   3.9032282802728249     
   1.6396380235356272     
   6.6599276969867187     
   4.0007921775609754     
   11.008795244665045     
   6.3118643439213011     
   9.0216263778973094     
   2.8879904940992023     
   1.0322874297494826     
   2.7459290740033007     
   6.5210417274210579     
   3.3875610081281784     
   4.6076260137913527     
   1.5783685273886794     
   6.9499751487746639     
   6.4514370752946721     
   2.7820348750605741     
   5.0430530232779374     
   3.2188792826806782     
   3.6365748077877842     
   7.5065855370985837     
   2.5493989698084616     
   1.9019802508549113     
   2.3662775041197026     
   7.8988645761603546     
   1.1813044592463029     
   2.1317331937195623     
   5.7107501247922583     
   5.7271529272487687     
   12.604497573039042     
   7.0883330408287337     
   4.1983773633459416     
   1.1162738917428983     
   2.4127712547475655     
   2.6056662632698551     
   3.3194245622645728     
   2.1944109618277445     
   2.4185516158254954     
   3.7546850384220987     
   2.1513959466809198     
   2.9207098224953940     
   1.2807213033658442     
   7.1856279229296955     
   2.4070478052232476     
   3.1636893672665249     
   8.1591185408384064     
   4.2721828039078682     
   9.1811369857154119     
   4.3938074100008739     
   3.8601881274006944     
   3.3451070135098724     
   1.5545883169258432     
   2.9677885925574286     
   5.7382070417643973     
   1.7413289844837450     
   9.1404769450261583     
   7.0370527073997167     
   5.2555702463116685     
   6.1981680664191572     
   2.1979643931905675     
   8.6132550188611425     
   9.1671161348811019     
   1.0210301283517031     
   1.4727982127224903     
   7.3370052010082247     
   3.3865323441843955     
   4.1576323569738030     
   4.1575611919273197     
   12.224861042858734     
   1.2891669777076855     
   4.2653875074214698     
   2.5124610670077869     
   1.9945865710596544     
   2.0854131668441349     
   3.0322772892125394     
   2.1450857571991100     
   5.0332116878133029     
   7.9207831784832647     
   2.1337441888455078     
   2.7093001205999196     
   5.0828677462554683     
   10.049573657670360     
   7.1051552181190836     
   3.0240481701120681     
   4.9316498206924893     
   4.8567624138658854     
   2.7116998430588746     
   2.3738551691500698     
   10.076449568298706     
   2.0715587933770201     
   6.2106181320427201     
   5.7814778031059797     
   4.5752679419834497     
   3.3236392199548801     
   6.4891221914368362     
   9.1055934413098303     
   4.5866766166537616     
   3.8072299463410486     
   2.8780857857605984     
   3.7545577857269743     
   1.2384689591150093     
   1.6205302081052479     
   10.117701395368883     
   4.1083551012084429     
   2.1566000412263500     
   4.3180474913481488     
   4.7524028279573232     
   8.2863363745326897     
   1.8473286158228945     
   6.0022132171894365     
   1.6576826806918812     
   7.5157232164060934     
   11.526467064705463     
   2.7352626000794462     
   2.7144968170188442     
   7.4030155999721305     
   7.5372933216422391     
   4.1682180291416362     
   8.1093318060922925     
   6.8933231107634807     
   12.029611988888988     
   4.7459697599930246     
   2.6255573234187941     
   1.7835583690505437     
   4.4038327791091882     
   1.1460691455389695     
   8.3266045237751545     
   1.6934376075726716     
   1.5158647990847913     
   1.8109712860169316     
   7.3424936993247929     
   3.2836260740698449     
   1.7206346717871546     
   8.6192508103229493     
   8.0547930644356107     
   2.2511087469388404     
   2.1519619137976660     
   2.4634302194892714     
   2.0326604026169761     
   4.8133388359252667     
   6.9246665910418121     
   1.0715150786605139     
   4.9185321187511306     
   4.3240106841844721     
   2.3789246328174825     
   5.3955721602931987     
   1.6037196077105671     
   1.6194243685779757     
   3.1741738146592842     
   6.0559540644836680     
   6.7474978339848857     
   2.9945215446878595     
   3.9896850840469575     
   6.1171658970582987     
   2.2411601712229401     
   7.8303289651648109     
   5.5224425674509110     
   1.5468839608237053     
   11.393004870624456     
   1.1021330960786768     
   1.7306588831953023     
   2.2522258504764916     
   8.4401582395422974     
   3.6247754062764801     
   1.2052777112822026     
   2.7770266639439445     
   7.6211653821018865     
   4.0090586762319438     
   10.770427843771351     
   2.1056613285938819     
   3.6440903523307879     
   6.1769481562469801     
   1.2249568812006271     
   10.412153746102861     
   1.3910127779413928     
   11.576336130786739     
   1.9703853609194975     
   5.9291720454748500     
   2.7905776980834061     
   5.6808884033749507     
   1.4437983741365037     
   9.8492719357168799     
   6.7240632595776946     
   7.5634325719216342     
   1.8979946795673326     
   8.9875691784674689     
   3.8904580351084297     
   1.3645300284249489     
   9.5201272202743521     
   9.7506342692811057     
   3.5553284913994911     
   12.160577338485011     
   2.5364881648280031     
   2.3128131481981073     
   4.0193002032746019     
   1.2419679926508014     
   5.9356502587224700     
   2.5091949089043131     
   2.1551501896070064     
   1.5835138455105306     
   1.8689995469621621     
   5.6427661224646304     
   5.1881823884474283     
   1.0655441992098660     
   1.2052822424255316     
   3.0790693964748330     
   1.6610299702477340     
   2.2585668313241567     
   6.0171205540998738     
   1.8742277936170990     
   7.3630763893913560     
   1.9377944571901307     
   8.2036811486104444     
   12.493163999356627     
   1.2653352039021799     
   7.9997480238489658     
   1.1827329441080687     
   3.8240705233134737     
   5.8978589178765368     
   2.4818991825697956     
   7.2555875633537008     
   1.6731229411977306     
   6.1619947915774160     
   9.7197491457043359     
   3.4620697612933360     
   4.8488138050410763     
   4.7267093391777291     
   1.6938542481032615     
   12.637719965125068     
   2.3951889166091709     
   2.5892176679857100     
   2.1380875136254383     
   7.5526937236353628     
   2.1966144394214613     
   5.1414492201607187     
   5.6600986226770980     
   8.9610167526983471     
   1.9714353045431434     
   8.6475752439406630     
   6.2289806612787286     
   1.1825044982181803     
   4.6381936309045821     
   7.3215057444473661     
   4.8081865818260932     
   1.8779996808824442     
   1.9395551176338948     
   2.4374549693427823     
   2.7321965187800412     
   3.7895857318351678     
   9.6452375474930090     
   1.6211450453299363     
   7.1805949473968900     
   4.7876070182509931     
   1.9962445077454243     
   1.6210379353782520     
   2.1374302848096463     
   10.028524706183049     
   4.6009867316801216     
   6.4373235405540790     
   2.1602158790914054     
   8.0272876401984110     
   5.0565115242847094     
   3.0219174671802458     
   1.5743202332201907     
   2.3189911903047746     
   5.8107922294663732     
   3.7060935132233155     
   13.421436709539364     
   1.3125945494156468     
   5.1052155080760278     
   8.5697771826759741     
   8.8621041483139145     
   2.4942104511926044     
   6.8857579565099600     
   8.8879314424860283     
   1.9042530964356355     
   2.0909903779366630     
   6.6100329051619156     
   18.847750453191807     
   3.4955697033246764     
   4.7715355598520732     
   3.5723691421368726     
   5.2392076662137557     
   4.0774283992609028     
   7.8771797419534177     
   1.3673248886938250     
   5.1684850639425859     
   2.6330382416430353     
   3.5721498768705704     
   4.3576773077409490     
   2.3061802840070560     
   5.4783751331494663     
   5.1715661092743757     
   8.8277109773960341     
   3.3656459479557825     
   4.0293442772754782     
   3.2721100299314543     
   4.4180504113459991     
   3.2586060190117756     
   8.9671522651704354     
   8.5601218070877358     
   6.6051087770451566     
   9.3991969525683228     
   11.058870347556665     
   8.3307669043939043     
   4.8637992774295746     
   2.4344944671231383     
   2.8386415810010033     
   8.2060801578904172     
   7.6860860216449902     
   4.9855142324369615     
   9.1155464070211565     
   2.7208044092683208     
   1.5225259837016822     
   5.7026317729553435     
   6.5790195786938730     
   5.5258258151597923     
   4.6013244156750837     
   8.0523494528941626     
   4.3998306614465994     
   3.3885609109732484     
   1.1187478393284560     
   8.1808722137439887     
   4.5431278179348649     
   2.6907446689788279     
   2.4097516333859370     
   2.4369536542789993     
   1.5738619223513515     
   3.3715024494835077     
   4.1857560582271072     
   2.3172326525356723     
   2.1367986083834691     
   8.8080932813556174     
   6.4375086571118594     
   2.3552068565753967     
   2.7672495890331632     
   6.6729594294198185     
   2.5918215317750177     
   5.6167775671476639     
   2.9754782561790889     
   2.4641173234778826     
   3.4442583059896008     
   6.4222574540422883     
   3.3793735136414291     
   7.0157090509803552     
   6.8940825656031768     
   3.8417563637748979     
   5.2358132396967632     
   7.5655951953484637     
   9.0806558751261957     
   7.6835465896485760     
   5.9749038196279223     
   5.1339974594506668     
   8.6839313696802769     
   2.6475179782863210     
   1.7614651493880553     
   3.7622736562743619     
   1.3238565583699351     
   2.3934945385110580     
   2.6841276490090005     
   1.7936923572640258     
   4.3145277138801950     
   2.0059975697747348     
   4.7116155697064670     
   11.860045106508238     
   2.4848138967280780     
   3.5368683401697423     
   3.3922657803114631     
   4.7984456779467832     
   1.6057151735302113     
   9.8337519328722625     
   15.117788614317858     
   4.3620338264044305     
   2.4212038538269587     
   2.1331655150371391     
   3.2035976356793001     
   3.4771188135614830     
  0.97923734185111466     
   7.5339667443343590     
   2.2449990233345467     
   7.3904311593994088     
   4.4929023268705608     
   6.1035784571849119     
   1.4234431584267948     
   1.0211485618033167     
   6.3050240266743725     
   2.9968646617786434     
   10.371744854369249     
   9.4107358776774621     
   9.6999770312958820     
   4.8824961904401700     
   8.5490947297964723     
   4.4065307329963623     
   8.6037736058583576     
   2.4359788069996089     
   1.2890835607810416     
   12.323658312631267     
   4.1042812544740066     
   12.149918089647574     
   3.3518698158168574     
   5.6541908752053933     
   3.1416585273167494     
   2.2222607435858852     
   1.9996642809228118     
   4.0461929359111775     
   5.0948974121041672     
   1.9379392715218222     
   1.8490838868094241     
   6.3369528651986897     
   9.8781686650342913     
   4.5140630899220380     
   12.230870695807608     
   4.2557887997322048     
   1.7312974961053460     
   1.0783322616920978     
   6.6341951350308346     
   12.010281909885041     
   11.704627978892647     
   9.7787298155537652     
   3.7552903048128567     
   9.0281755412856128     
   3.9862585728945246     
   3.1223830638151142     
   3.9185926922423167     
   3.9681663749368759     
   5.9979537341912961     
   7.0828778790240650     
   9.9551764947378540     
   3.9779103588564073     
   3.2012188610032131     
   3.8575940858139757     
   6.2656020943151818     
   3.0442595144379858     
   1.0679103855081145     
   2.3173908765039828     
   1.6709746805570287     
   3.0802422821200293     
   2.2795503671971518     
   1.5115298794268619     
   1.9770777464849254     
   8.0300996558731512     
   4.8170125204286682     
   2.7641574924051016     
   3.5271596617220111     
   1.6435457555247823     
   13.606575613393852     
   2.3267084676791785     
   6.4944498093462348     
   6.8312869740345254     
   3.0513113515302304     
   2.8096481681385046     
   2.1676295200947697     
   2.4799077722351717     
   8.9757064585197668     
   2.3679540796538712     
   2.3141740390559598     
   4.9820965989312738     
   4.1907038842960054     
   1.8895184593242409     
   7.7784377223383627     
   7.0716966459820423     
   1.9277146830815091     
   3.8213735594036660     
   14.188213342264824     
   2.5594699628974249     
   1.4002807742191710     
   4.5878884871862669     
   2.0110354466002138     
   9.2669948707480003     
   5.5390528918432782     
   4.0945826711746358     
   3.8669907357091051     
   1.3924788998125259     
   3.0235069886492529     
   3.6371376064193197     
   6.0417211483494784     
   2.1444478615374023     
   1.8727122094626218     
   5.4229444308486121     
   7.9348499249543263     
   3.1065576824605694     
   3.4754827472989249     
   6.1203794322629328     
   4.4407166593399658     
   2.0987323291296103     
   8.2225553745242355     
   2.1549778522044569     
   1.5775136053953243     
   2.1401185447490669     
   11.906041538976467     
   3.2892089519601910     
   1.5461890835222827     
   6.6060563539290031     
   16.747157850881088     
   1.2030109959720987     
   3.0692822820245618     
   4.7124607974806345     
   9.6469305607813300     
   2.3632554157960430     
   9.2673457897838389     
   9.4852538164029383     
   4.3566255809888688     
   8.9515383218199744     
   2.3467025514596189     
   6.1730514805705061     
   16.224722553918596     
   6.8830099848717596     
   2.3006622166956969     
   2.8813384258872148     
   1.9196244821872877     
   2.1295167093291187     
   2.5301121564983622     
   4.5471483261518095     
   5.2014974688131606     
   2.7719580333418827     
   6.8451907900045326     
   5.4231889381064278     
   1.2636980440791123     
   13.750983175619178     
   10.003247827440829     
   2.1373958076191908     
   1.5268674754354841     
   3.4641891906612923     
   3.9220562318035066     
  0.99700683037376292     
   2.7056182802756150     
   3.9680126794801995     
   6.0762849651781616     
   2.7359893414090655     
   7.8213694592881735     
   4.3833289467610257     
   3.8700333548823749     
   11.770768504821161     
   6.2775972372581563     
   3.3144507349067660     
   4.8482227272766973     
   2.2046189924267545     
   2.5436785230003642     
   8.2415281436691394     
   4.0196699690909208     
   2.8838911785926005     
   4.1163351067865026     
   9.9783835488325749     
   4.8580081017753347     
   5.9946445225149461     
   4.0499089419290080     
   3.1301047512270794     
   3.1266068058370595     
   4.7622287454577030     
   9.8769132065319649     
   6.3595079025964862     
   10.804534800749773     
   1.5379309004963013     
   2.9221809068081948     
   2.3113625124571953     
   3.1635293480767905     
   4.2782568497384466     
   9.3947358526197426     
   1.8373860720377406     
   4.7923011855060720     
   4.7311861082234072     
   1.4062952645387690     
   7.1153014393703975     
   3.5165344430016687     
   9.9340245204088724     
   4.6572748204146048     
   1.9806264312436717     
   4.6414177772780318     
   2.7902918808668140     
   2.0316214388598040     
   3.3241588689065424     
   6.2707059818104005     
   9.6511081884183696     
   7.0251869005708087     
   2.7749079384661002     
   2.9624120044883950     
   10.625804751326134     
   11.150586199113592     
   2.9905935597154509     
   6.0386434316978805     
   3.1301815965495048     
   1.9020625456492994     
   7.3300493720486983     
   6.6361373001578006     
   6.4707694996333727     
   1.3158045050229452     
   2.5273176779784459     
   7.9929217085570148     
   2.8392503831406195     
   1.6961921185214495     
   6.8038397260750605     
   2.2956895640488395     
   4.7392764164955565     
   1.4558355655463018     
   6.8057130555885745     
   3.8644351981970937     
   4.5784858518709832     
   7.8222455483652702     
   3.7885971383116925     
   2.6093187224676031     
   3.6759310766431841     
   2.8098482984594844     
   12.170028806456630     
   1.5849718335948166     
   2.5154010509159037     
   2.4287230833326339     
   3.4040103239662725     
   3.1675232904279356     
   4.3720487671402806     
   5.0705136398195148     
   7.0961721573493080     
  0.91593164121693360     
   1.3709433919969416     
   2.2696636797969081     
   5.9858392151942557     
   2.4069359961392114     
   1.0740747414538157     
   6.6133770227778212     
   2.0411092422705304     
   12.860400475071991     
   19.568243065398754     
   4.1556248033455745     
   8.8558265812276886     
   1.5273066762585059     
   8.2588521130659753     
  0.85528618691384806     
   1.5888632724601837     
   5.0903040104614137     
   4.6073596798063834     
   2.4935546194564941     
   10.529716246344869     
   6.6527984702896257     
   2.0495125255061013     
   11.306726699105225     
   11.603701227605960     
   3.4007271588419217     
   2.3779540514658137     
   2.1856995702247146     
   11.034136692484106     
   2.6007437275327239     
   13.864238450082631     
   10.407643882139039     
   4.4433612681818175     
   10.879120263664129     
   6.6804534039632619     
   4.1247173714711272     
   2.9673737211508433     
   5.6567706872248866     
   5.8856824548258126     
   6.9817229604610134     
   4.5905139253895015     
   4.8262648130587955     
   4.0815155953568594     
   6.9129219748113648     
   4.1429985208382982     
   4.0095430310535676     
   2.1378005640198987     
   11.064629207589050     
   4.7083916447777714     
   1.0989303250058990     
   1.4604310163992655     
   1.5399040056303079     
   3.6491899396418130     
   3.4171530195264577     
   6.8444467250027863     
   2.5946712293119498     
   1.8723764859931664     
   9.1784148089729030     
  0.74958701615735213     
   2.4217581183804167     
   8.7288685565789574     
   11.008606591063204     
   5.8379829492065216     
   2.2075023405530034     
   4.5590525133590205     
   6.7760906869844693     
   1.6262181021691833     
   4.3385238977441887     
   8.9873299577644694     
   1.7544967575537016     
   7.9514268463047406     
   9.0531802492918292     
   11.345983477914277     
   4.1686758300502218     
   1.0783354345320626     
   1.8077990184039192     
   13.125601082628110     
   1.9742599880259588     
   2.7624098210860537     
   1.0685044963197092     
   2.8328852023744573     
   2.9841676595560127     
   4.4054102289375923     
   3.9345303360904298     
   11.526955144332700     
   8.5719681399907959     
   3.3057542628611305     
   6.6029642082079807     
  0.91120809664330704     
   6.4881911843698132     
   1.9277682756000640     
   2.5670959088535272     
   11.284029020749625     
   6.6828525967401387     
   1.6820078364898106     
   2.7947929720959630     
   3.9791998407495459     
   3.1265529138858033     
   4.6111844838696685     
   8.7477447258084773     
   7.6511449387144186     
   7.1882631018365917     
   9.5654383718402727     
   2.4929620884015327     
   2.6199807603520910     
   5.9096467513053232     
   3.8373884537970637     
   12.269433909910928     
   1.7087129473436613     
   8.3252007885419879     
   5.1421916300465176     
   6.2468842232999400     
   9.5537199224783951     
   1.5496387099610933     
   4.0145839350784165     
   1.6843735429145212     
   1.9984723506262392     
   1.2533284178631876     
   1.5998068852927443     
   3.5108459759065092     
   3.5596908181895963     
   11.935615353316322     
   4.1494052199770417     
   3.0968221138078160     
   6.9979784282968440     
   2.8352142711515449     
   5.0689850639570304     
   3.6939413470392641     
   11.698790170811886     
   3.7669678717606243     
   11.596791263607175     
   8.5335505234587181     
   10.288406193824038     
   4.3399179326604358     
   4.4663463011620328     
   1.4001221574533640     
   3.1874847561444142     
   13.064431183537742     
   4.3795623243262387     
   11.085989125639397     
   1.8050343707659642     
   9.7023212291560199     
   1.3957703684115574     
   1.1479786584621487     
   4.7287582642746617     
   15.135224970434443     
   2.5396159827987885     
   2.5770719727884992     
   1.0850156684653425     
   1.6094134465329368     
   12.344449197452667     
   12.077421896589758     
   6.1812137707937396     
   5.0191409684516710     
   2.2808543284865133     
   1.6550992798961048     
   4.9150195113709341     
   1.8691904469368645     
   3.4283780385574096     
   4.4044616316845611     
   7.3900463610929377     
   9.3018778539806188     
   6.4131151883934718     
   2.4741435707894075     
   7.6668563322438379     
   3.4285224039226803     
   4.8496084463019304     
   6.5796972727519467     
   2.9574749064346229     
   8.7401919849861951     
   7.5665802396714090     
   2.1887805487172267     
   2.4660905756262346     
   4.4200047371699824     
   1.7996194815199318     
   8.0761752993782814     
   4.6159642622640487     
   3.7675163967530092     
   2.6770898736207087     
   2.1213209866929512     
   5.8774737073278676     
   1.4273489969187039     
   2.0613431473706365     
   4.1131845140628611     
   1.5560004891856345     
   6.3789713428049737     
   10.736297018758490     
   14.198893816843379     
   4.9748890970123547     
   7.6814598699738443     
   1.7666116850239297     
   4.1400648303850174     
   4.1916457910254667     
   10.799291584032400     
   7.8557919948088024     
   1.9587367605717989     
   6.2888840883042496     
   1.0127146412067372     
   2.8302053182692868     
   7.7297836421682522     
   2.7520168306215558     
   6.5700070736193812     
   10.790350306726454     
   2.0388669334992717     
   2.5767382784614785     
   9.4928273144571182     
   6.9494478601668188     
   11.088572440816474     
   3.2088915272320317     
   7.1193846027496308     
   3.3041315158018705     
   5.1914278797435713     
   10.529546059776971     
   3.3247534871784499     
   2.8765509269689562     
   2.8185078956894327     
   1.2249183219417172     
   3.5937611483665282     
   10.900357174003839     
   7.8574761520686804     
   7.9871344374447508     
   4.3365713990278216     
   11.034151243713660     
   3.1011515401542549     
   3.0129673015415350     
   13.333641232701284     
   8.3636860120643739     
   8.5786442463156263     
   4.5731850251474579     
   3.6682561429957832     
   8.8816241704643648     
   1.5958986772490795     
   11.985693584946310     
   9.6096266040222140     
   2.0401128705929592     
   2.8548066588626493     
   2.8453492120260000     
   2.9222521621263557     
   1.8726027352634211     
   2.3014972402518104     
   2.2437962956657200     
   2.7885429399579396     
   11.219340789970031     
   2.4158103316442419     
   3.2290191584022758     
   2.1124502648569230     
   9.0327430828274622     
   7.9944534688377402     
   1.9307261092643357     
   1.9754128869615943     
   4.6650675817111980     
   6.0255381946226869     
   5.4734678974163877     
   8.2263550415291586     
   2.0990998531980645     
   1.9757138635772205     
   2.2957523416236540     
   4.7894391198010169     
   4.3762650451819676     
   2.0903196620878437     
   3.1154007586824388     
   1.0699350830306629     
   3.5417153182317986     
   5.4596065922493189     
   3.8695635931053034     
   9.7323094560541339     
   10.661828327622676     
   8.8304716430724302     
   1.8746502859770844     
   4.2573258659651536     
   2.8202280209798789     
   11.572670114601314     
   1.3541476365636587     
   6.2009131737077219     
   3.0427415262936526     
   2.7441128918407300     
   9.8892725763876914     
   6.2095449967367990     
   8.3847628172319997     
   3.6092089265633183     
   4.3348264287229696     
   5.6105487967503986     
   6.0071729983436999     
   8.7170796695036081     
   1.2166861569364524     
   2.3285637327054696     
   7.0010166779755032     
   3.9697305028043681     
   8.5437337417466175     
   11.004286898257300     
   2.4639320026871072     
   1.3565325520892788     
   7.6456671002594643     
   12.471282970496906     
   2.4043099449312342     
   3.4798056247499667     
   8.4981245088213306     
   2.3395143673951098     
   6.0623291666604766     
   3.7932640387403493     
   2.5387737400596579     
   6.4853607350417413     
   3.6193675378545049     
   1.7187175497333553     
   1.7594041093434252     
   8.3474668943473098     
   10.153065574239163     
   6.6412088069840314     
   3.9935111601121291     
   5.6485775731092254     
   5.2678068397406284     
   6.8807273735368053     
   8.2896368833750760     
   11.779206612814773     
   5.1833473684171851     
   6.2641685658966475     
   9.3030332425135445     
   3.6896349421396462     
  0.83108100183483147     
   4.1615929968373404     
   8.7660383771087602     
   4.2847405508186753     
   10.805536062308411     
   4.4025164905495382     
   9.3490091528242925     
   4.2238484386333672     
   5.6176851942322497     
   5.6268671244336605     
   4.1147309801878622     
   1.7942725151254835     
   8.0096968346823818     
   20.000000000000000     
   10.772089369415372     
   6.8305473600532149     
   8.4714576205101579     
   2.1221319234774012     
   2.4075756265966071     
   6.4579052479569734     
   1.6096797442865185     
   5.7501860037986834     
   4.9712191599109961     
   1.8283207311590466     
   7.6985134931701635     
   6.9225555899666436     
   3.2849384635705459     
   2.4523687764493221     
   3.1957587713843392     
   7.6777666096461532     
   1.3254066632461643     
   4.9657544521827264     
   1.3231325246893637     
   4.2569610701540146     
   6.4782999217716135     
   8.0141631238169033     
   3.2663064709193348     
   3.8292530120448744     
   6.7738422349714922     
   9.0762874263728115     
   1.6997695137755164     
   6.3536421845725037     
   2.6730935021142508     
   9.3165201890801548     
   5.0614857050543236     
   6.7287942135382881     
   3.8995915703050796     
   6.9686046575372478     
   11.133320982056127     
   1.9018831085877792     
   1.5705130679746402     
   2.2890463390859690     
   7.8293483949782585     
   2.8955059853679752     
   8.0257263307677800     
   2.7158467298740399     
   1.8191705011531605     
   1.9203647860680042     
   1.3901710158267671     
   2.6579101578748103     
   7.3462825128532279     
   2.6818274355888128     
   2.6718447161834247     
   5.1931524202365544     
   3.1543192474152728     
   6.5923627216250162     
   5.5438346346001603     
   1.2234919783446163     
   1.5389069624367779     
   5.1973990989514887     
   2.5604115680671593     
   10.176403866016695     
   7.4663392531280763     
   5.8782622535306013     
   2.0465906201836619     
   9.3878520395721932     
   2.6467588312276082     
   1.4979930312078054     
   4.7731611596170431     
   2.9648429717928346     
   12.277098945804081     
   5.8046626376964463     
   1.5832781993320468     
   3.8588072762069490     
   2.0117136397466977     
   3.7017691719792878     
   3.3821847110588021     
   3.4714168930890357     
   6.8611210251872263     
   2.3432565045145086     
   9.6955459956261052     
   2.6411671756485378     
   4.7226698967765035     
   7.4826180973654690     
   3.1679134956571762     
   5.4318400009633496     
   5.0670017346348519     
   3.4763188627448121     
   3.7138010955914660     
   2.8950511239057155     
   3.6100249841235263     
   4.2126301960639365     
   2.8250432459440553     
   8.2995504606378745     
   9.8965695883740654     
   3.8223679469455911     
   5.7623786827827219     
   2.7772838726936588     
   7.0939743642289335     
   8.1431273688724168     
   9.4094420515164146     
   10.418922304432831     
   3.0048090263963658     
   1.4373699535172619     
   3.8595404819995904     
   9.5958782863829732     
   2.2848382328861332     
   7.2982898392598914     
   1.7565634742276668     
   2.6350191287382709     
   7.0854709128842375     
   2.6233383527336005     
   4.3684990016032597     
   2.6845747168790171     
   5.2482575473368271     
   6.6804279404329128     
   9.5694634188764720     
   2.5958370129320922     
   2.8380629475840520     
   8.9240351574658430     
   2.3066964900701845     
   1.9061747934243163     
   7.7509791208075347     
   8.0480840013344874     
   2.7732109617922371     
   2.3148839075943148     
   6.6856050578999113     
   4.7414774106466613     
   5.6667187937775720     
   2.2300910601046726     
   1.7261371455260990     
   5.8629048595642770     
   3.0554856388829403     
   5.2208177444756201     
   3.4210213270596537     
   3.4596375696879829     
   3.2792632347294908     
   2.8816440393800771     
   2.3827015706353625     
   5.1939033854018071     
   1.9213263253111377     
   3.4921374269013907     
   4.8729706474672314     
   1.4350623825735778     
   6.2401603350620594     
   1.8543187809262525     
   4.9766801682058812     
   2.0568081761498784     
   2.0181020616017218     
   6.1836246761893143     
   9.5910191757865810     
   5.2098385870648460     
   2.4590595250780560     
   4.1925781859986992     
   3.2063636208834350     
   1.5292474514660910     
   3.9262434005291582     
   1.8134570104455880     
   1.4014865784569872     
   7.3958009513753451     
   4.8316165447182398     
   4.3567691790004561     
   6.6671937344677099     
   5.3265414562384885     
   4.6585971594856819     
   2.1259589350899994     
   9.9058867286769647     
   2.5743154548109541     
   1.9779319978402587     
   3.0616665596141477     
   6.2808279751277487     
   1.3271779594181052     
   2.3382775029323839     
   1.9589218015207612     
   6.7095912603623304     
   3.0018998817462164     
   1.6735289817782806     
   3.5362886176012487     
   1.6994982980698212     
   2.3157932011357207     
   10.188614483712371     
   2.9183679430629739     
   5.3381719540060049     
   3.2258119160344574     
   2.4473845411052264     
   3.8792660325445674     
   7.1379467952239422     
   3.9162422481518693     
   4.8912936429009015     
   10.532660815839579     
   5.0432916433269455     
   1.7865577564951776     
   10.421913820380574     
   1.6753071189151600     
   2.4738885290104160     
  0.95879443795487551     
   7.7172389788819657     
   4.9518600969826618     
   5.4135513132762192     
   2.3594191259751844     
   1.2468212439945889     
   2.4719171555091415     
   7.8225160459457701     
   8.1538958646964446     
   10.411957959511337     
   3.7222463899256293     
   6.0659735723281818     
   8.9875553503205659     
   2.5246757846992196     
   2.4935181182328305     
   8.2412653099470905     
   3.8036192449582220     
   4.8671865198942887     
   2.7258199934297180     
   7.7647148874701823     
   1.9996329112027773     
   1.8423098917482728     
   6.7300989518765064     
   11.031640866092854     
   5.3564513680621664     
   4.5014816540736504     
   1.8032752604664828     
   8.3825431126695413     
   1.1460539180327758     
   2.4000451696227247     
   1.3260866605546779     
   2.8557872945889535     
   7.0392330539074148     
   8.2274429407263447     
   2.2119577423411103     
   3.4913514023241188     
   2.5664156231910851     
   2.2846016481757179     
   1.4358072342053374     
   3.9669813924109154     
   6.0007276557390581     
   7.0790600885771928     
   8.4214619874286161     
   6.2447910902135133     
   3.5872575050039801     
   5.9319834063805468     
   2.0304044360379705     
   2.8786879641013470     
   1.0882182315119633     
   6.8661248575991216     
   5.8968458553721392     
   2.9758421236339898     
   3.7534695460089837     
   5.1799899246090373     
   8.6160116194371597     
   4.2758921120104212     
   6.5310379370861744     
   2.5505974302669556     
   6.8221551715879274     
   10.247620061726014     
   2.4729597264860979     
   1.6333956490953201     
   2.8573067004716171     
   1.5109241736384673     
   2.5161343950295350     
   1.4675496595351660     
   5.7529798704101163     
  0.65902318879824684     
   8.8141572376001101     
   1.4307574291261715     
   1.3774112479806639     
   1.6260310489095957     
   1.4059243205178984     
   1.6620571599539080     
   2.6866503662934806     
   9.1834360999031865     
   2.1941947825665702     
   3.5165490930989889     
   1.8755848385547536     
   3.3443731697092103     
   3.4578898769858801     
   2.3200379953438719     
   5.5715438564972581     
   3.6402622949816688     
   10.373606678394934     
   7.3005315320311333     
   2.4277735678444041     
   4.1021941107528548     
   1.7739330669338202     
   6.0641455156511057     
   10.780274288957807     
   10.590871896559747     
   2.8148313101082150     
   1.7109594459425470     
   2.7998394872142529     
   12.837030878237414     
   3.4479781668193841     
   5.6185316412291249     
   13.162853683717469     
   3.9798821113774601     
   4.0321952893446706     
   4.7679698376132782     
   3.5343360679696354     
   1.3616318113016204     
   7.9034288143030782     
   2.8108920555315757     
   7.9163849648401872     
   3.1195362447473456     
   2.4568073889436808     
   7.6791799661891993     
   7.5451769723272530     
   2.1625702463202341     
   1.6829093465406975     
   15.714010992433069     
   3.8226081248673598     
   3.3850033733238480     
   15.014791016178629     
   7.0312797630343979     
   2.9555375993992761     
   2.9904335697763003     
   2.7730345415346700     
   3.5452835220787158     
   4.6254127008285044     
   3.3899333410106847     
   5.6330822000896097     
   7.8778862415660198     
   1.3149614940901178     
   1.2216169549039526     
   2.9655768827115145     
   3.6615117835971605     
   8.9406531809270753     
   2.3037018141400711     
   1.9304494017040434     
   2.2472197950771933     
   2.0168018062269177     
   1.7682824570925193     
   5.4463959997920179     
   2.2652092377276118     
   3.9698756068478178     
   9.2599026226856012     
  0.94105321078392234     
   2.2426961208180565     
   1.3531218772971587     
   1.1003442611414926     
   3.1310495841418620     
   2.3330633121795747     
   3.2874269756201455     
   2.4726701503332444     
   3.3850429629174408     
   14.320979964542312     
   3.1807222579021297     
   8.0870891212557900     
   7.2642449393594646     
   3.2090981769489564     
   2.7256640056770016     
   1.3481624079493197     
   7.5983092769180489     
   3.8617129102174244     
   6.4090740068867609     
   5.4457039256679218     
   2.4783460204066783     
   4.2927954960679182     
   4.2647409492681021     
   6.8370785199889239     
   3.4878517494094661     
   3.8453974233868755     
   6.4223357018218410     
   4.5158645639488313     
   5.7088542451144537     
   6.9252027904555824     
   1.9140547420006147     
   13.208627820235451     
   2.2952843453773872     
   8.4831487217927659     
   1.8660346038622075     
   9.8056241526960992     
   12.962534030887847     
   2.9434584949324090     
   3.2576077093706033     
   2.4748103449695895     
   1.6860590309904746     
   11.945966042266331     
   1.4689139639406423     
   2.4148475228561126     
   1.3198385915140285     
   1.6148546080275437     
   6.9162502062625668     
   5.3145896017191010     
   15.233189033341828     
   8.0657628155753045     
   1.2379144349755375     
   2.3119396474250027     
   1.8468517435546372     
   6.9755528411121723     
   6.6779104307105097     
   1.7555213677321162     
   5.1394349917408952     
   7.2676488884496697     
   3.2289832668842267     
   4.0899603518711407     
   9.6454409699092079     
   1.7325793956261550     
   2.4638077866206953     
   5.4514142306286253     
   2.4808113632806768     
   2.3307979101664658     
   11.515328416900219     
   3.9895081618781680     
   6.1216681708166094     
   3.2732395501889462     
   4.2181133154908173     
   7.4591262538529524     
   3.2849944537462541     
   2.2413086344455548     
   3.4163113210631848     
   5.0909690259344984     
   4.7586917626509972     
   1.9924868010516654     
   6.2351478106179190     
   2.9175877616089458     
   3.1505591544530001     
   4.4034482958170535     
   3.7800778909346899     
   5.7661933150784419     
   1.1607376437031853     
   3.3445438688819720     
   2.7883249576510103     
   1.6279063669551583     
   3.6575111325738621     
   8.6922702889120789     
   3.5627947355240948     
   1.7802117480130379     
   1.3233253548025747     
   5.8098824716147597     
   4.0391869918779255     
   5.0260147519749143     
   11.219148738437124     
   1.1007395573119747     
   4.3518535625554824     
   8.4084556219178825     
   3.9152909284436408     
   9.1462242237284066     
   5.3278452430797287     
   7.2214943823323727     
   9.0463749850518642     
   7.6695280093507412     
   6.7557222560636045     
   5.0416529056971351     
   1.9525509296313066     
   3.0649330286521637     
   6.2841055739857090     
  0.87836364562793301     
   12.094600526973407     
   4.3862088336607279     
   7.3006742666559150     
   8.7540367117485705     
   1.9784634815558686     
   6.2183299751318604     
   1.2971280226617885     
   1.0881021634891637     
   6.5326256944584555     
   1.2072348459083206     
   7.7985112217212942     
   5.8055084127446879     
   1.1557662761708447     
   6.5071262313358718     
   3.9125522094217984     
   1.0579955646398527     
   2.7834706709636206     
   5.3015075488103340     
   5.1465174194985686     
   2.1935578792561747     
   1.5587611841467630     
   2.7388289047037349     
   8.2388143479397318     
   2.7320202397273219     
   1.9521587402745175     
   7.5799115414810991     
   8.5075529368049043     
   10.880055453789485     
   7.1142029992692635     
   1.6936155900879193     
   11.371465433585195     
   2.5882405147172705     
   1.4438216240617292     
   7.3698602099355401     
   1.1713427771983116     
   4.1550094707725824     
   6.6135476415224144     
   4.6631249952241012     
   3.9548541069800041     
   9.3765744322805649     
   1.5233817146401958     
   1.7671722306877884     
   7.1073059064040809     
   4.6870419017966860     
  0.91542587589468238     
   9.5548893214483339     
   1.1713006362836804     
   1.8513996958213423     
   10.191957606912347     
   2.2011105194421363     
   4.3372542181363505     
   7.1066050996786014     
   7.1102252646360329     
   3.1350342223646033     
   2.9501976352926063     
   3.6584990278938299     
   2.9856552543016495     
   5.3403504987387374     
   7.9647317644076452     
   6.0511722513539663     
   8.6961475882506374     
   1.2325493799659344     
   3.1104572378798423     
   12.388804251609349     
   5.8422039574383815     
   7.2728980896573185     
   3.6009112106051040     
   5.0394903750177846     
   9.6513886309590013     
   3.1459256481449525     
   2.5271533549153298     
   5.3377310302495928     
   2.5145046183248883     
   1.7997994000143307     
   7.3401428908029134     
   3.4753166193453846     
   6.1319896869243582     
   5.0615897461472148     
   3.1285180073420302     
   1.3735148670806023     
   9.4548321260232662     
   3.0215254660352255     
   1.7479910899260622     
   3.6670425224583210     
   11.377581403003976     
   5.0994300545315046     
   4.6864701299551310     
   15.403776849053648     
   11.782459167809883     
   1.6434943356600702     
   1.6325457332577697     
   4.6589079324548131     
   4.9201334884657077     
   6.2677090092935757     
   6.1463908724574328     
   3.4507396026664487     
   5.5797860312582381     
   6.6538454073674478     
   7.1687066043409651     
   7.0763791123354602     
   2.8730746704815431     
   3.9923414425943355     
   2.7343319734129254     
   11.756961775540747     
   2.2733884479551358     
   4.0899251781313737     
   3.6810884493409293     
   7.5191702472581925     
   6.8068990219574639     
   7.5639658663533389     
   4.2596075140098995     
   9.2674300755917152     
   7.4622541374275606     
   2.2070141213206678     
   4.2110863931137850     
   8.1499912013904350     
   3.1118604404124235     
   4.7244455230599227     
   3.3809671817578333     
   1.5341801594478155     
   5.9924970510754800     
   1.3181149517244626     
   2.6947017329035052     
   2.1605182194563173     
   5.4488326473232531     
   6.0098702778439757     
   1.1410346594148981     
   2.9040105517404218     
   4.0782307048588251     
   1.1544450715325294     
   1.8613398600920796     
   1.4510415930004918     
   1.2466895940670302     
   2.9530722445050266     
   3.1389907301048434     
   1.9435285387588150     
   3.5329970139793914     
   1.3968816757850351     
   1.7616640519962321     
   5.7318315650605118     
   5.6010520000447439     
   6.6863979489762491     
   6.6527368517152610     
   1.1336999610870386     
   2.5053151024706444     
   3.0680177257733297     
   20.000000000000000     
   11.819835948567535     
   3.4526373787112652     
   8.2493736776568785     
   8.3475831377793899     
   1.1116416490470375     
   1.9922711443940941     
   3.0130123672110884     
   3.2915236080964134     
   6.1115492435433181     
   2.6229784076363161     
   3.4994615344467568     
   2.4202792569779006     
   4.6626373524502140     
   1.6057452332876085     
   1.9431373121344542     
   2.1757245954424440     
   9.5866277695162605     
   5.6686269022321865     
   2.4584765310100618     
   3.7388261690890889     
   5.1973964881940056     
   3.3625559710043751     
   1.5378481760272269     
   3.3425546869437297     
   5.6190358517683832     
   12.154976406171553     
   4.7039000370163100     
   6.9272776692557416     
   1.4420468531393114     
   4.9941417841382760     
   8.0954772330737708     
   2.5498311961571090     
   3.3553526555662057     
   2.4181426202985690     
   5.0206342797351837     
   3.9450307069259969     
   2.3603183131732779     
   4.8954274089513508     
   7.4237628346698683     
   8.7809880773961755     
   6.4126720387838247     
   5.0659980929019355     
   4.8888336460076269     
   4.6265185337997039     
   3.3343038085266481     
   6.8105497019820662     
   2.9024583448535211     
   3.2331585680806429     
   3.3963598562753594     
   3.0295436633838344     
   2.3691898262944187     
   6.4272206039683226     
   7.9379801305434041     
   2.1271596136923048     
   5.2882899147241780     
   3.1060499873122964     
   1.3385878125881721     
   2.6290713050914172     
   11.624367308071321     
   2.7788989199628302     
   2.0419798666314142     
   5.5408649472371634     
   11.595463018130651     
   5.9365815248147618     
   7.2741785195428443     
   5.8411135895127630     
   7.5401079281091974     
   9.0944137792551754     
   1.9950229942257898     
   10.006776066834055     
   3.6092055251731501     
   4.2397597398296742     
   5.6646305328196309     
   4.3596968012077406     
   12.938430136017079     
   7.6098614547130685     
   2.8333752310312188     
   5.9202894736729874     
   9.1089164462231764     
   8.4221928628854226     
   5.9833817998491270     
   9.7606173800069005     
   3.8739679543615209     
   2.1405786436998007     
   5.8835890602292507     
   6.3521338049242839     
   2.6780722904647418     
   3.0084346701898279     
   2.0784847378298648     
   3.0936405425898776     
   3.2905768896851071     
   2.5021243858311566     
   2.5156142736210967     
   4.2056775074874384     
   3.8292114973212663     
   9.2902689683232147     
   3.0844552681319528     
   6.9055478595190571     
   3.3929804671406472     
   5.1276535458591672     
   3.7793119372079125     
   10.946498577506535     
   7.2669001842619263     
   3.9011405282623945     
   2.2873719375840191     
   1.7388925720014781     
   3.5774908524354183     
   20.000000000000000     
   3.0508453954723835     
   1.0387218189178495     
   9.0027370006339815     
   6.2385229549135426     
   5.9766704353245883     
   2.3708268214077743     
   1.2100433414095151     
   4.7329599352085978     
   4.4611803399534082     
   2.4886430497174401     
   11.331318086551306     
   2.0919877804947693     
   4.5404238417875904     
   2.4866339625583236     
   3.3185090416983449     
   3.1041017558628345     
   4.4134311878596524     
   7.4909904372397920     
   3.8876620628629710     
   6.5703879597257817     
   2.3251565582979996     
   7.0801976992446205     
   3.5683451983041179     
   3.8562276288073263     
   2.4395409217448329     
   11.204469885128223     
   8.2259626063167826     
   1.4328790734935357     
   1.7591740678224350     
   1.8149120418127154     
   3.6044886975930344     
   1.2012903775497736     
   4.2401564286977997     
   11.308235184583260     
   5.3888989603627833     
   3.1832904994625557     
   1.9356361061559200     
   1.5573661360601112     
   1.1557540941551978     
   3.2610808783414580     
   12.517539919470808     
   1.6985349322966958     
   11.752745269229973     
   6.1715474519025859     
   3.9605240597789080     
   2.7583938213592414     
   5.0616749690168898     
   1.0574618053836971     
   4.0951804893123276     
   6.2129614944779936     
   4.4436515117441271     
   3.6564411265749772     
   3.6923360313435434     
   2.3374482621029111     
   2.4021682966889144     
   8.1939374462103363     
   1.7943088851672295     
   1.8575112462644032     
   1.6475166439573885     
   3.9592185059478626     
   1.4661071923219984     
   3.9459952445733744     
   4.9347728469965988     
   6.1354624078550950     
   5.6890791149772442     
   5.4259948957550810     
   1.3020170085665095     
   2.5373014489385239     
   4.1173007424829642     
   1.5714705927508430     
   9.8622836997091703     
   2.2072670444712994     
   5.0738387479958886     
   3.2457339539635135     
   10.071824129557410     
   2.4093908771399315     
   12.112168683740615     
   1.2626965931617955     
   7.2620795590012213     
   11.406727233278845     
   1.4122487411163807     
   2.4690523337599335     
   7.1480398846821087     
   3.4181692481210306     
   5.4600855387630265     
   1.1006216785923006     
   3.6077829244715227     
   1.3893590169560339     
   5.3043400561522391     
   6.2505809880675436     
   6.2586765066149272     
   1.8824994267124375     
   5.1099242592268066     
   7.4129627878137629     
   1.5505988406210405     
   7.5749540165177951     
   1.7688311165519377     
   2.7429820249866350     
   5.4337788139740999     
   2.6889707651175074     
   12.157600920855813     
   5.5812784792126688     
   2.2384194094445689     
   3.1902483059300590     
   1.9904795376837827     
   2.0869765279550130     
   4.3286120322975385     
   2.2460554624441404     
   11.027710436438834     
   1.8127463675250282     
   1.4247902692061651     
   7.7131420070161498     
   7.9073569283971725     
   7.2427555756836020     
   9.2104216054653438     
   1.8599745673862216     
   5.6448309415638791     
   3.8560171146600104     
   6.6197375530186449     
   4.9971501514129715     
   1.5420949960018084     
   2.4521182071261372     
   2.1130844948314964     
   1.2904014840921312     
   3.9522455986120226     
   3.5749773936207148     
   8.6790702491026579     
   4.6969474168404197     
   13.714469883789819     
   4.5933935310866074     
   6.1238687173493043     
   8.0739434752574919     
   2.6735517321298401     
   3.3853503065477679     
   7.3440651813579105     
   8.6498923969123833     
   2.3071863814375848     
   4.0585548957374806     
   7.3765652966939452     
   2.9662528974179931     
   10.268032338431993     
   2.0926258567626075     
   9.5212165985186221     
   1.3314129947270263     
   1.4980885152194343     
   3.8748067477761166     
   4.7232212758787311     
   1.9389342133490779     
   7.1730350034112069     
   1.5412979206586974     
   1.2833421224646280     
   3.4245722973768968     
   1.6771931672883469     
   10.062767392446052     
   2.5546413511145785     
   2.4299716858295497     
   6.3244268971607571     
  0.95571152710433882     
   8.3767013649800734     
   6.2787331884346900     
   3.3855291607669207     
   2.6284808702473552     
   1.8816845716338320     
   4.7665391992368171     
   10.418810227954213     
   2.0028836992277115     
   3.4455906561367811     
   1.7366143298954588     
   1.4298395906255503     
   9.0554703237069862     
   7.5473186315030576     
   4.5420950467977343     
   2.0559097883443020     
   5.7259391226282803     
   1.6778708459935954     
   2.0673712988759703     
   10.035605848918040     
   5.5239354152359255     
   2.5915623780233430     
   1.3093587241422890     
   2.4073082165058848     
   7.3471975881309035     
   4.4026650044475595     
   13.226369782862118     
   7.5523780945519423     
   5.5861527952528247     
   2.2992228941751796     
   3.9970031489078210     
   1.4054927742438827     
   2.1677471280884992     
   4.1189554314726191     
   2.8809718125984944     
   4.7125618037310648     
   5.0814087477943692     
   4.6658924949471290     
   9.7344005985592954     
   2.3824538345679267     
   5.5334449693983903     
   3.9184862031394876     
   8.8225722432224423     
   3.1367500817427603     
   4.5443779823872870     
   2.1881319245183088     
   1.6275059806014369     
   2.2632366665778001     
   3.1970126132829613     
   3.7601843353290607     
   5.6275659373078959     
   3.1099432612998590     
   4.4420093230278992     
   9.7722595991402219     
   4.1680308237371628     
   4.4356465443606501     
   4.5963984299799634     
   4.3698648642482381     
   3.6246252517990074     
   2.0469201360499598     
   1.5179782977964031     
   2.3227735290524105     
   11.031389734610181     
   8.0815805691172802     
   3.9993333038501553     
   6.3653907371608689     
   2.2066931187286194     
   1.0759691315724531     
   2.4472283514667805     
   2.2576789423154850     
   1.1064478560398834     
   2.0000946564570499     
   7.0696481271255180     
   9.0277678769826295     
   2.0027711373652428     
   2.3111929078400402     
   4.9823570869667986     
   13.914675757176866     
   10.607299212466627     
   1.3758099415704073     
   3.1217991671063170     
   3.8506590503550191     
   1.5385172983986179     
   2.4534943090692929     
   2.0343748154438890     
   2.0565625739299667     
   3.0401800722354704     
   4.6070292811906794     
   1.2687850138603696     
   4.7051273440418253     
   2.7974630072709670     
   7.1933821752346301     
  0.99335512656142533     
   5.9061595587215665     
   9.6472021407819391     
   7.3738672806398542     
   1.2703904803206862     
   11.367145176778433     
   15.215883099697290     
   15.192034544385047     
   1.9376131929280469     
   2.2323729975117961     
   3.3465330322563518     
   3.9153700235093121     
   5.1403407447935558     
   1.4753652752698727     
   7.5135788740413672     
   10.716323980363143     
   2.3454940274280780     
   13.958304341853404     
   10.276348625324879     
   8.0057746736632058     
   8.9670046880296788     
   4.6559187796596344     
   6.0473528891857784     
   6.4203194193512116     
   4.4927856699294191     
   3.7058844276597984     
   7.1238101336387514     
   4.5814957940197774     
   2.8076622691883868     
   4.6614364604332401     
   4.3897528787626037     
   2.9125324492103530     
   1.8693438514089129     
   5.4048876040827363     
   2.1850193337372135     
   8.7866996912318172     
   1.8145244620112477     
   2.7525923575940703     
   5.9499850265071572     
   2.7007529936872401     
   2.8143077729759276     
   13.134829369195023     
   4.2654506227100430     
   2.1770311241150817     
   3.9583286885849258     
   8.1457016653344692     
   3.2487890422803396     
   3.3356979375764988     
   3.0385479577658883     
   3.0898169134871449     
   4.6261212678812109     
   3.5152642035975230     
   5.8955205231114540     
   4.2345566409807764     
   9.3843522747598165     
   2.5452555584537384     
   3.4476113727621618     
   5.5149625080454570     
   8.6017599812075964     
   7.3296615409520864     
   5.7549566707932076     
   1.9798744780384732     
   4.2016626336271523     
   3.4416403641661484     
   1.7270936835205402     
   3.5133263603276510     
   9.3545642653342380     
   10.658571918326050     
   4.2847554765436353     
   3.0724032851319230     
   12.189855434860737     
   7.5544740524023339     
   1.2323910089456440     
   4.5814735420580810     
   3.1893547976344605     
   1.7754210163352928     
   5.8712171791569521     
   2.1188183885022664     
   3.2081737072899594     
   3.8107890231103783     
   4.9464334206630980     
   5.2798002685649053     
   4.0696683230908510     
   2.8236182908839669     
   8.6895817965916589     
   2.7436245037890576     
   2.3161043995850910     
   6.1938081338985649     
   9.6257489714735129     
   6.1852801559535795     
   3.1780117993003896     
   5.7326537421048727     
   2.3139906414689468     
   11.243093271968769     
   2.4619033870802012     
   1.1663287314078699     
   3.4871507320033106     
   7.6601333230561277     
   6.9990269762302324     
   2.0187163755718416     
   1.4062387991553440     
   1.5066575200575851     
   4.3865967933361585     
   2.4326360332363537     
   4.3976572815632915     
   4.3474108337542559     
   5.4792454941963049     
   2.4157838407196488     
   2.5748936650555612     
   3.0939332350644708     
   5.0136142593120478     
   4.3584749097984217     
   10.570836681956310     
   13.584304781629177     
   3.1727559626012987     
   2.6936958966714077     
   8.7788127339149824     
   7.4856060469381873     
   1.1398526772011410     
   5.0072443277452674     
   1.9531374920014615     
   5.6317685354427374     
   1.5733411203352514     
   1.2818417283914432     
   8.2855119997776274     
   9.1578217842404612     
   3.6209946591983924     
   4.8023504642542134     
  0.90498101550300503     
   2.6572263110011987     
   10.934529507424733     
   3.1714276160044621     
   8.8164256012818480     
   1.8832997088261125     
   2.7115690877774070     
   2.4090176330727613     
   3.1271951539121492     
   4.7565096388876347     
   8.6437400623160503     
   1.8562749536058472     
   10.199771693548014     
   10.001013479534075     
   4.0257415753022219     
   11.132289533823142     
   8.8189170446514549     
   9.8126157187190053     
   2.5923557173449159     
   1.5202577899740559     
   11.080006661784989     
   2.4882029153719101     
   3.3203113445238888     
  0.92424465404032186     
   7.2250965447616977     
   6.0661997792353173     
   13.630357820594536     
   3.5492108813899366     
   1.8889437602410148     
   4.7886749763081227     
   1.9036413949106969     
   2.0144124942808848     
